{
  "data": {
    "bgxq_title": {
      "value": "'不感兴趣'"
    },
    "wfgb_title": {
      "value": "'无法关闭'"
    },
    "wfxs_title": {
      "value": "'内容无法正常显示(卡顿、黑白屏)'"
    },
    "jbgk_title": {
      "value": "'举报广告'"
    },
    "wfwg_subtitle": {
      "value": "'违法违规'"
    },
    "yscx_subtitle": {
      "value": "'疑似抄袭'"
    },
    "xjqz_subtitle": {
      "value": "'虚假欺诈'"
    },
    "dssq_subtitle": {
      "value": "'低俗色情'"
    },
    "yddj_subtitle": {
      "value": "'诱导点击'"
    }
  },
  "event": {
    "cancel": {
      "value": "javaScript",
      "script": "vpaidComponent.dismissDialog"
    },
    "confirm": {
      "value": "javaScript",
      "script": "vpaidComponent.closeAd"
    },
    "bgxq_title": {
      "value": "javaScript",
      "script": "KXC000005.dislikeEvent",
      "dcParams": {
        "category": "'dislike'",
        "sub_category": "'nointerest_click'"
      }
    },
    "wfgb_title": {
      "value": "javaScript",
      "script": "KXC000005.dislikeEvent",
      "dcParams": {
        "category": "'dislike'",
        "sub_category": "'cannot_close'"
      }
    },
    "wfxs_title": {
      "value": "javaScript",
      "script": "KXC000005.dislikeEvent",
      "dcParams": {
        "category": "'dislike'",
        "sub_category": "'abnormal_show'"
      }
    },
    "wfwg_subtitle": {
      "value": "javaScript",
      "script": "KXC000005.dislikeEvent",
      "dcParams": {
        "category": "'dislike'",
        "sub_category": "'reportv'",
        "reason": 0
      }
    },
    "yscx_subtitle": {
      "value": "javaScript",
      "script": "KXC000005.dislikeEvent",
      "dcParams": {
        "category": "'dislike'",
        "sub_category": "'reportv'",
        "reason": 1
      }
    },
    "xjqz_subtitle": {
      "value": "javaScript",
      "script": "KXC000005.dislikeEvent",
      "dcParams": {
        "category": "'dislike'",
        "sub_category": "'reportv'",
        "reason": 2
      }
    },
    "dssq_subtitle": {
      "value": "javaScript",
      "script": "KXC000005.dislikeEvent",
      "dcParams": {
        "category": "'dislike'",
        "sub_category": "'reportv'",
        "reason": 3
      }
    },
    "yddj_subtitle": {
      "value": "javaScript",
      "script": "KXC000005.dislikeEvent",
      "dcParams": {
        "category": "'dislike'",
        "sub_category": "'reportv'",
        "reason": 4
      }
    }
  },
  "animation": {}
}