{
  "root_id": {
    "width": "100%",
    "spacing": 1,
    "backgroundColor": "white",
    "justifyContent": "FlexAlign.Start",
    "alignItems": "HorizontalAlign.Center",
    "padding": {
      "top": 10,
      "bottom": 20,
      "left": 20,
      "right": 20
    }
  },
  "jbgk_content": {
    "width": "80%",
    "height": 40,
    "spacing": 20,
    "justifyContent": "FlexAlign.Start",
    "alignItems": "VerticalAlign.Center"
  },
  "jbgk_title": {
    "width": "100%",
    "height": 44,
    "fontColor": "#252525",
    "fontSize": 16,
    "fontWeight": "FontWeight.Regular"
  },
  "title": {
    "width": "100%",
    "height": 44,
    "fontColor": "#252525",
    "fontSize": 16,
    "fontWeight": "FontWeight.Regular",
    "border": {
      "size": 0.5,
      "color": "#CCCCCC",
      "bottom": true
    }
  },
  "sub_title": {
    "fontColor": "#252525",
    "fontSize": 13,
    "fontWeight": "FontWeight.Regular",
    "backgroundColor": "#EEEEEE",
    "padding": {
      "top": 5,
      "bottom": 5,
      "left": 10,
      "right": 10
    }
  },
  "line_id": {
    "width": "100%",
    "height": 10,
    "border": {
      "size": 0.5,
      "color": "#CCCCCC",
      "bottom": true
    }
  },
  "text_input": {
    "width": "100%",
    "height": 40,
    "fontColor": "#252525",
    "fontSize": 16,
    "fontWeight": "FontWeight.Regular",
    "placeholder": "其它建议...",
    "borderRadius": 5,
    "borderWidth": 1,
    "borderColor": "#DDDDDD",
    "margin": {
      "top": 10
    }
  }
}