{
  "type": "Column",
  "id": "root_id",
  "styleId": "root_id",
  "children": [
    {
      "type": "Text",
      "id": "bgxq_title",
      "styleId": "title"
    },
    {
      "type": "Text",
      "id": "wfgb_title",
      "styleId": "title"
    },
    {
      "type": "Text",
      "id": "wfxs_title",
      "styleId": "title"
    },
    {
      "type": "Text",
      "id": "jbgk_title",
      "styleId": "jbgk_title"
    },
    {
      "type": "Row",
      "id": "jbgk_content_1",
      "styleId": "jbgk_content",
      "children": [
        {
          "type": "Text",
          "id": "wfwg_subtitle",
          "styleId": "sub_title"
        },
        {
          "type": "Text",
          "id": "yscx_subtitle",
          "styleId": "sub_title"
        },
        {
          "type": "Text",
          "id": "xjqz_subtitle",
          "styleId": "sub_title"
        }
      ]
    },
    {
      "type": "Row",
      "id": "jbgk_content_2",
      "styleId": "jbgk_content",
      "children": [
        {
          "type": "Text",
          "id": "dssq_subtitle",
          "styleId": "sub_title"
        },
        {
          "type": "Text",
          "id": "yddj_subtitle",
          "styleId": "sub_title"
        }
      ]
    },
    {
      "type": "Text",
      "id": "line_id",
      "styleId": "line_id"
    },
    {
      "type": "TextInput",
      "id": "text_input",
      "styleId": "text_input"
    }
  ]
}