{
  "type": "RelativeContainer",
  "id": "root_id",
  "styleId": "root_id",
  "children": [
    {
      "type": "Vpaid",
      "id": "video_id",
      "styleId": "video_id"
    },
    {
      "type": "Image",
      "id": "image_id",
      "styleId": "image_id"
    },
    {
      "type": "Image",
      "id": "blur_image_id",
      "styleId": "blur_image_id",
      "imageFit":"ImageFit.Fill"
    },
    {
      "type": "LottieView",
      "id": "lottie_card_id",
      "styleId": "lottie_card_id"
    },
    {
      "type": "Template",
      "id": "widget_id",
      "styleId": "widget_id"
    }

    
  ]
}
