{
  "data": {
    "image_id": {
      "value": {
        "src": "'${ads[0].materials[0].image_src}'"
      }
    },
    "logo_icon": {
      "value": {
        "src": "'${ads[0].ad_source_logo}'"
      }
    },
    "blur_image_id": {
      "value": {
        "src": "main.event.bgImagePath()"
      }
    },
    "logo_text": {
      "value": "'广告'"
    }
  },
  "event":{
    "control_right_sound_id": {
      "value": "javaScript",
      "script": "main.event.soundClick"
    }
  },
  "animation":{}
}