{
  "root_id": {
    "width": "100%",
    "height": "100%",
    "backgroundColor": "transparent"
  },
  "lottie_card_id": {
    "width": "100%",
    "height": "100%"
  },
  "blur_image_id": {
    "width": "100%",
    "height": "100%",
    "blur": 10
  },
  "widget_id": {
    "width": "100%",
    "height": "100%",
    "tid": "main.event.widgetId()"
  },
  "video_id": {
    "width": 1,
    "height": 1,
    "visibility": "${ads[0].materials[0].creative_type} == 8 ? 'Visibility.Visible' : 'Visibility.None'"
  },
  "image_id": {
    "width": 1,
    "height": 1,
    "visibility": "${ads[0].materials[0].creative_type} == 3 ? 'Visibility.Visible' : 'Visibility.None'"
  },
  "logo_container": {
    "height": 10,
    "justifyContent": "FlexAlign.Start",
    "alignItems": "VerticalAlign.Center",
    "margin": {
      "left": 20,
      "bottom": "safeArea().bottom > 0 ? safeArea().bottom - 15 : 0"
    },
    "alignRules": {
      "left": {
        "anchor": "__container__",
        "align": "HorizontalAlign.Start"
      },
      "bottom": {
        "anchor": "__container__",
        "align": "VerticalAlign.Bottom"
      }
    }
  },
  "logo_icon": {
    "width": 10,
    "height": 10,
    "imageFit": "ImageFitMode.Contain"
  },
  "logo_text": {
    "height": 10,
    "fontSize": 10,
    "fontColor": "gray"
  },
  "extend": {
    "background_style": {
      "backgroundColor": "#00000066"
    },
    "background_border_style": {
      "backgroundColor": "#00000066",
      "borderWidth": 1,
      "borderColor": "#ffffff66"
    },
    "title_tool": {
      "borderRadius": 15,
      "fontColor": "#ffffff",
      "fontSize": 15,
      "padding": {
        "top": 5,
        "bottom": 5,
        "left": 10,
        "right": 10
      }
    }
  }
}
