{"v":"5.6.9","fr":30.0000305175781,"ip":0,"op":50.0000508626302,"w":750,"h":1334,"nm":"205119红包至代金券动效","ddd":0,"assets":[{"id":"image_0","w":665,"h":290,"u":"images/","p":"_CLICK_01_.png","e":0},{"id":"image_1","w":665,"h":290,"u":"images/","p":"_CLICK_.png","e":0},{"id":"image_2","w":78,"h":78,"u":"images/","p":"_BG_CTA_.png","e":0},{"id":"image_3","w":335,"h":102,"u":"images/","p":"_BG_COUPON_.png","e":0}],"fonts":{"list":[{"origin":0,"fPath":"","fClass":"","fFamily":"SimHei","fWeight":"","fStyle":"Regular","fName":"SimHei","ascent":89.5989987850189}]},"layers":[{"ddd":0,"ind":1,"ty":2,"nm":"_CLICK_01_","refId":"image_0","sr":1,"ks":{"o":{"a":0,"k":1,"ix":11},"r":{"a":0,"k":0,"ix":10},"p":{"a":0,"k":[605,1147,0],"ix":2},"a":{"a":0,"k":[332.5,145,0],"ix":1},"s":{"a":0,"k":[25,58,100],"ix":6}},"ao":0,"ip":0,"op":50.0000508626302,"st":0,"bm":0},{"ddd":0,"ind":2,"ty":2,"nm":"_CLICK_","refId":"image_1","sr":1,"ks":{"o":{"a":0,"k":1,"ix":11},"r":{"a":0,"k":0,"ix":10},"p":{"a":0,"k":[375,1159,0],"ix":2},"a":{"a":0,"k":[332.5,145,0],"ix":1},"s":{"a":0,"k":[108,108,100],"ix":6}},"ao":0,"ip":42.0000427246094,"op":50.0000508626302,"st":0,"bm":0},{"ddd":0,"ind":4,"ty":4,"nm":"_LINE_","sr":1,"ks":{"o":{"a":0,"k":100,"ix":11},"r":{"a":0,"k":0,"ix":10},"p":{"a":0,"k":[259,1160,0],"ix":2},"a":{"a":0,"k":[-116,630,0],"ix":1},"s":{"a":0,"k":[100,100,100],"ix":6}},"ao":0,"shapes":[{"ty":"gr","it":[{"ind":0,"ty":"sh","ix":1,"ks":{"a":0,"k":{"i":[[0,0],[0,0]],"o":[[0,0],[0,0]],"v":[[-307,630],[75,630]],"c":false},"ix":2},"nm":"路径 1","mn":"ADBE Vector Shape - Group","hd":false},{"ty":"st","c":{"a":0,"k":[1,0.976470649242,0.960784375668,1],"ix":3},"o":{"a":0,"k":100,"ix":4},"w":{"a":0,"k":1,"ix":5},"lc":2,"lj":2,"bm":0,"nm":"描边 1","mn":"ADBE Vector Graphic - Stroke","hd":false},{"ty":"tr","p":{"a":0,"k":[0,0],"ix":2},"a":{"a":0,"k":[0,0],"ix":1},"s":{"a":0,"k":[100,100],"ix":3},"r":{"a":0,"k":0,"ix":6},"o":{"a":0,"k":100,"ix":7},"sk":{"a":0,"k":0,"ix":4},"sa":{"a":0,"k":0,"ix":5},"nm":"变换"}],"nm":"形状 1","np":3,"cix":2,"bm":0,"ix":1,"mn":"ADBE Vector Group","hd":false}],"ip":42.0000427246094,"op":50.0000508626302,"st":0,"bm":0},{"ddd":0,"ind":5,"ty":5,"nm":"_AD_DESC_","sr":1,"ks":{"o":{"a":0,"k":100,"ix":11},"r":{"a":0,"k":0,"ix":10},"p":{"a":0,"k":[73.232,1189.46,0],"ix":2},"a":{"a":0,"k":[-185.768,-29.54,0],"ix":1},"s":{"a":0,"k":[100,100,100],"ix":6}},"ao":0,"t":{"d":{"k":[{"s":{"sz":[396,24.1108093261719],"ps":[-187,-39],"s":22,"f":"SimHei","t":"细体字占位占位占位占位占位占位占","j":0,"tr":62,"lh":26.4,"ls":0,"fc":[1,1,1]},"t":0}]},"p":{},"m":{"g":1,"a":{"a":0,"k":[0,0],"ix":2}},"a":[]},"ip":42.0000427246094,"op":50.0000508626302,"st":0,"bm":0},{"ddd":0,"ind":6,"ty":5,"nm":"_AD_TITLE_","sr":1,"ks":{"o":{"a":0,"k":100,"ix":11},"r":{"a":0,"k":0,"ix":10},"p":{"a":0,"k":[73.692,1117.21,0],"ix":2},"a":{"a":0,"k":[-185.308,-18.79,0],"ix":1},"s":{"a":0,"k":[100,100,100],"ix":6}},"ao":0,"t":{"d":{"k":[{"s":{"sz":[396,56],"ps":[-187,-39],"s":47,"f":"SimHei","t":"粗体字占位不够…","j":0,"tr":62,"lh":56.4,"ls":0,"fc":[1,1,1]},"t":0}]},"p":{},"m":{"g":1,"a":{"a":0,"k":[0,0],"ix":2}},"a":[]},"ip":42.0000427246094,"op":50.0000508626302,"st":0,"bm":0},{"ddd":0,"ind":7,"ty":5,"nm":"_CTA_TEXT_","sr":1,"ks":{"o":{"a":0,"k":100,"ix":11},"r":{"a":0,"k":0,"ix":10},"p":{"a":0,"k":[601,1144,0],"ix":2},"a":{"a":0,"k":[42,-30,0],"ix":1},"s":{"a":1,"k":[{"i":{"x":[0.833,0.833,0.833],"y":[0.833,0.833,0.833]},"o":{"x":[0.167,0.167,0.167],"y":[0.167,0.167,0.167]},"t":42,"s":[100,100,100]},{"t":50.0000508626302,"s":[110,110,100]}],"ix":6}},"ao":0,"t":{"d":{"k":[{"s":{"s":82,"f":"SimHei","t":"抢","j":0,"tr":62,"lh":98.4,"ls":0,"fc":[0.957,0.353,0.11]},"t":0}]},"p":{},"m":{"g":1,"a":{"a":0,"k":[0,0],"ix":2}},"a":[]},"ip":42.0000427246094,"op":50.0000508626302,"st":0,"bm":0},{"ddd":0,"ind":8,"ty":2,"nm":"_BG_CTA_","refId":"image_2","sr":1,"ks":{"o":{"a":0,"k":100,"ix":11},"r":{"a":0,"k":0,"ix":10},"p":{"a":0,"k":[600,1154,0],"ix":2},"a":{"a":0,"k":[39,39,0],"ix":1},"s":{"a":1,"k":[{"i":{"x":[0.833,0.833,0.833],"y":[0.833,0.833,0.833]},"o":{"x":[0.167,0.167,0.167],"y":[0.167,0.167,0.167]},"t":42,"s":[200,200,100]},{"t":50.0000508626302,"s":[220,220,100]}],"ix":6}},"ao":0,"ip":42.0000427246094,"op":50.0000508626302,"st":0,"bm":0},{"ddd":0,"ind":10,"ty":2,"nm":"_BG_COUPON_","refId":"image_3","sr":1,"ks":{"o":{"a":0,"k":100,"ix":11},"r":{"a":0,"k":0,"ix":10},"p":{"a":0,"k":[375,1149,0],"ix":2},"a":{"a":0,"k":[167.5,51,0],"ix":1},"s":{"a":0,"k":[200,200,100],"ix":6}},"ao":0,"ip":42.0000427246094,"op":50.0000508626302,"st":0,"bm":0},{"ddd":0,"ind":11,"ty":4,"nm":"_BG_BLACK_","sr":1,"ks":{"o":{"a":0,"k":40,"ix":11},"r":{"a":0,"k":0,"ix":10},"p":{"a":0,"k":[375,1149,0],"ix":2},"a":{"a":0,"k":[-1,620,0],"ix":1},"s":{"a":0,"k":[100,100,100],"ix":6}},"ao":0,"shapes":[{"ty":"gr","it":[{"ty":"rc","d":1,"s":{"a":0,"k":[712,264],"ix":2},"p":{"a":0,"k":[0,0],"ix":3},"r":{"a":0,"k":20,"ix":4},"nm":"矩形路径 1","mn":"ADBE Vector Shape - Rect","hd":false},{"ty":"fl","c":{"a":0,"k":[0,0,0,1],"ix":4},"o":{"a":0,"k":100,"ix":5},"r":1,"bm":0,"nm":"填充 1","mn":"ADBE Vector Graphic - Fill","hd":false},{"ty":"tr","p":{"a":0,"k":[-1,620],"ix":2},"a":{"a":0,"k":[0,0],"ix":1},"s":{"a":0,"k":[100,100],"ix":3},"r":{"a":0,"k":0,"ix":6},"o":{"a":0,"k":100,"ix":7},"sk":{"a":0,"k":0,"ix":4},"sa":{"a":0,"k":0,"ix":5},"nm":"变换"}],"nm":"矩形 1","np":3,"cix":2,"bm":0,"ix":1,"mn":"ADBE Vector Group","hd":false}],"ip":42.0000427246094,"op":50.0000508626302,"st":0,"bm":0}],"markers":[{"tm":42.0000427246094,"cm":"loopStart","dr":0},{"tm":50.0000508626302,"cm":"loopEnd","dr":0}]}