{"v":"5.6.9","fr":30.0000305175781,"ip":0,"op":150.000152587891,"w":750,"h":1334,"nm":"_BG_502003_V_","ddd":0,"assets":[{"id":"image_0","w":591,"h":902,"u":"images/","p":"_BORDER_.png","e":0},{"id":"image_1","w":416,"h":426,"u":"images/","p":"_GRADIENT_AD_.png","e":0},{"id":"image_2","w":498,"h":884,"u":"images/","p":"_BG_POSTION_.png","e":0}],"fonts":{"list":[{"origin":0,"fPath":"","fClass":"","fFamily":"SimHei","fWeight":"","fStyle":"Regular","fName":"SimHei","ascent":89.5989987850189}]},"layers":[{"ddd":0,"ind":1,"ty":5,"nm":"_FRAME_TITLE_","sr":1,"ks":{"o":{"a":0,"k":100,"ix":11},"r":{"a":0,"k":0,"ix":10},"p":{"a":0,"k":[375.611,158.911,0],"ix":2},"a":{"a":0,"k":[1.276,-27.422,0],"ix":1},"s":{"a":0,"k":[100,100,100],"ix":6}},"ao":0,"t":{"d":{"k":[{"s":{"s":70,"f":"SimHei","t":"广告标题文案","j":2,"tr":0,"lh":84,"ls":0,"fc":[0.875,0.063,0.071],"sc":[1,1,1],"sw":16,"of":false},"t":0}]},"p":{},"m":{"g":1,"a":{"a":0,"k":[0,0],"ix":2}},"a":[]},"ip":0,"op":150.000152587891,"st":0,"bm":0},{"ddd":0,"ind":4,"ty":2,"nm":"_BORDER_","refId":"image_0","sr":1,"ks":{"o":{"a":0,"k":100,"ix":11},"r":{"a":0,"k":0,"ix":10},"p":{"a":0,"k":[375,538,0],"ix":2},"a":{"a":0,"k":[295.5,451,0],"ix":1},"s":{"a":0,"k":[100,100,100],"ix":6}},"ao":0,"ip":0,"op":150.000152587891,"st":0,"bm":0},{"ddd":0,"ind":5,"ty":2,"nm":"_GRADIENT_AD_","refId":"image_1","sr":1,"ks":{"o":{"a":0,"k":100,"ix":11},"r":{"a":0,"k":0,"ix":10},"p":{"a":0,"k":[375,750,0],"ix":2},"a":{"a":0,"k":[208,213,0],"ix":1},"s":{"a":0,"k":[100,100,100],"ix":6}},"ao":0,"ip":0,"op":150.000152587891,"st":0,"bm":0},{"ddd":0,"ind":6,"ty":2,"nm":"_BG_POSITION_","refId":"image_2","sr":1,"ks":{"o":{"a":0,"k":100,"ix":11},"r":{"a":0,"k":0,"ix":10},"p":{"a":0,"k":[375,594.204,0],"ix":2},"a":{"a":0,"k":[249,442,0],"ix":1},"s":{"a":0,"k":[84,84,100],"ix":6}},"ao":0,"ip":0,"op":186.250189463298,"st":0,"bm":0}],"markers":[]}