{"v":"5.6.9","fr":24,"ip":0,"op":120,"w":750,"h":1334,"nm":"_BG_502002_H_","ddd":0,"assets":[{"id":"image_0","w":668,"h":607,"u":"images/","p":"_BORDER_.png","e":0},{"id":"image_1","w":656,"h":150,"u":"images/","p":"_GRADIENT_H_.png","e":0},{"id":"image_2","w":658,"h":370,"u":"images/","p":"_BG_POSTION_.png","e":0}],"fonts":{"list":[{"origin":0,"fPath":"","fClass":"","fFamily":"SourceHanSansSC","fWeight":"","fStyle":"Bold","fName":"SourceHanSansSC-Bold","ascent":89.5989987850189}]},"layers":[{"ddd":0,"ind":1,"ty":2,"nm":"_BORDER_","refId":"image_0","sr":1,"ks":{"o":{"a":0,"k":100,"ix":11},"r":{"a":0,"k":0,"ix":10},"p":{"a":0,"k":[376.167,623,0],"ix":2},"a":{"a":0,"k":[334,303.5,0],"ix":1},"s":{"a":0,"k":[100,100,100],"ix":6}},"ao":0,"ip":0,"op":120,"st":0,"bm":0},{"ddd":0,"ind":2,"ty":5,"nm":"_FRAME_TITLE_","sr":1,"ks":{"o":{"a":0,"k":100,"ix":11},"r":{"a":0,"k":0,"ix":10},"p":{"a":0,"k":[643.312,223.776,0],"ix":2},"a":{"a":0,"k":[268,-36,0],"ix":1},"s":{"a":0,"k":[100,100,100],"ix":6}},"ao":0,"t":{"d":{"k":[{"s":{"s":90,"f":"SourceHanSansSC-Bold","t":"广告标题文案","j":2,"tr":0,"lh":108,"ls":0,"fc":[0.075,0.455,1],"sc":[1,1,1],"sw":14,"of":false},"t":0}]},"p":{},"m":{"g":1,"a":{"a":0,"k":[0,0],"ix":2}},"a":[]},"ip":0,"op":120,"st":0,"bm":0},{"ddd":0,"ind":5,"ty":2,"nm":"_GRADIENT_AD_","refId":"image_1","sr":1,"ks":{"o":{"a":0,"k":100,"ix":11},"r":{"a":0,"k":0,"ix":10},"p":{"a":0,"k":[376.167,705,0],"ix":2},"a":{"a":0,"k":[328,75,0],"ix":1},"s":{"a":0,"k":[100,100,100],"ix":6}},"ao":0,"ip":0,"op":120,"st":0,"bm":0},{"ddd":0,"ind":6,"ty":2,"nm":"_BG_POSITION_","refId":"image_2","sr":1,"ks":{"o":{"a":0,"k":100,"ix":11},"r":{"a":0,"k":0,"ix":10},"p":{"a":0,"k":[376.167,595,0],"ix":2},"a":{"a":0,"k":[329,185,0],"ix":1},"s":{"a":0,"k":[100,100,100],"ix":6}},"ao":0,"ip":0,"op":120,"st":0,"bm":0}],"markers":[]}