{"v":"5.6.9","fr":24,"ip":0,"op":120,"w":750,"h":1334,"nm":"_BG_502005_V_","ddd":0,"assets":[{"id":"image_0","w":550,"h":120,"u":"images/","p":"_CLICK_.png","e":0},{"id":"image_1","w":100,"h":100,"u":"images/","p":"_APP_ICON_.png","e":0},{"id":"image_2","w":750,"h":960,"u":"images/","p":"_BG_NEWS_V_.png","e":0},{"id":"image_3","w":301,"h":536,"u":"images/","p":"_BG_POSITION_.png","e":0},{"id":"comp_0","layers":[{"ddd":0,"ind":1,"ty":2,"nm":"_BG_","refId":"image_2","sr":1,"ks":{"o":{"a":0,"k":100,"ix":11},"r":{"a":0,"k":0,"ix":10},"p":{"a":0,"k":[375,480,0],"ix":2},"a":{"a":0,"k":[375,480,0],"ix":1},"s":{"a":0,"k":[100,100,100],"ix":6}},"ao":0,"ip":0,"op":120,"st":0,"bm":0}]}],"fonts":{"list":[{"origin":0,"fPath":"","fClass":"","fFamily":"Songti SC","fWeight":"","fStyle":"Bold","fName":"STSongti-SC-Bold","ascent":66.4085960183293},{"origin":0,"fPath":"","fClass":"","fFamily":"SimSun","fWeight":"","fStyle":"Regular","fName":"SimSun","ascent":73.6089987847954}]},"layers":[{"ddd":0,"ind":1,"ty":2,"nm":"_CLICK_","refId":"image_0","sr":1,"ks":{"o":{"a":0,"k":1,"ix":11},"r":{"a":0,"k":0,"ix":10},"p":{"a":0,"k":[375,930.55,0],"ix":2},"a":{"a":0,"k":[275,60,0],"ix":1},"s":{"a":0,"k":[100,100,100],"ix":6}},"ao":0,"ip":0,"op":120,"st":0,"bm":0},{"ddd":0,"ind":2,"ty":5,"nm":"_FRAME_TITLE_","sr":1,"ks":{"o":{"a":0,"k":100,"ix":11},"r":{"a":0,"k":0,"ix":10},"p":{"a":0,"k":[365.77,270.325,0],"ix":2},"a":{"a":0,"k":[-0.56,-28.32,0],"ix":1},"s":{"a":0,"k":[100,100,100],"ix":6}},"ao":0,"t":{"d":{"k":[{"s":{"s":80,"f":"SimSun","t":"今日热门推荐","j":2,"tr":0,"lh":96,"ls":0,"fc":[1,1,1]},"t":0}]},"p":{},"m":{"g":1,"a":{"a":0,"k":[0,0],"ix":2}},"a":[]},"ip":0,"op":120,"st":0,"bm":0},{"ddd":0,"ind":3,"ty":5,"nm":"_APP_DESC_","sr":1,"ks":{"o":{"a":0,"k":100,"ix":11},"r":{"a":0,"k":0,"ix":10},"p":{"a":0,"k":[527.067,788.53,0],"ix":2},"a":{"a":0,"k":[0,0,0],"ix":1},"s":{"a":0,"k":[100,100,100],"ix":6}},"ao":0,"t":{"d":{"k":[{"s":{"s":20,"f":"STSongti-SC-Bold","t":"应用描述描述描述\r描述描述","j":2,"tr":0,"lh":28,"ls":0,"fc":[0,0,0]},"t":0}]},"p":{},"m":{"g":1,"a":{"a":0,"k":[0,0],"ix":2}},"a":[]},"ip":0,"op":120,"st":0,"bm":0},{"ddd":0,"ind":4,"ty":5,"nm":"_APP_NAME_","sr":1,"ks":{"o":{"a":0,"k":100,"ix":11},"r":{"a":0,"k":0,"ix":10},"p":{"a":0,"k":[533.808,753.431,0],"ix":2},"a":{"a":0,"k":[0,0,0],"ix":1},"s":{"a":0,"k":[100,100,100],"ix":6}},"ao":0,"t":{"d":{"k":[{"s":{"s":28,"f":"STSongti-SC-Bold","t":"应用名称…","j":2,"tr":0,"lh":33.6,"ls":0,"fc":[0,0,0]},"t":0}]},"p":{},"m":{"g":1,"a":{"a":0,"k":[0,0],"ix":2}},"a":[]},"ip":0,"op":120,"st":0,"bm":0},{"ddd":0,"ind":5,"ty":2,"nm":"_APP_ICON_","refId":"image_1","sr":1,"ks":{"o":{"a":0,"k":100,"ix":11},"r":{"a":0,"k":0,"ix":10},"p":{"a":0,"k":[521.251,662.149,0],"ix":2},"a":{"a":0,"k":[50,50,0],"ix":1},"s":{"a":0,"k":[100,100,100],"ix":6}},"ao":0,"ip":0,"op":120,"st":0,"bm":0},{"ddd":0,"ind":6,"ty":5,"nm":"_DATE_","sr":1,"ks":{"o":{"a":0,"k":100,"ix":11},"r":{"a":0,"k":0,"ix":10},"p":{"a":0,"k":[549.508,162.784,0],"ix":2},"a":{"a":0,"k":[-1.139,-6.785,0],"ix":1},"s":{"a":0,"k":[100,100,100],"ix":6}},"ao":0,"t":{"d":{"k":[{"s":{"s":22,"f":"STSongti-SC-Bold","t":"2025年7月18日","j":2,"tr":0,"lh":26.4,"ls":0,"fc":[1,0.255,0.231]},"t":0}]},"p":{},"m":{"g":1,"a":{"a":0,"k":[0,0],"ix":2}},"a":[]},"ip":0,"op":120,"st":0,"bm":0},{"ddd":0,"ind":7,"ty":0,"nm":"_BG_","refId":"comp_0","sr":1,"ks":{"o":{"a":0,"k":100,"ix":11},"r":{"a":0,"k":2,"ix":10},"p":{"a":0,"k":[376,548,0],"ix":2},"a":{"a":0,"k":[375,480,0],"ix":1},"s":{"a":0,"k":[100,100,100],"ix":6}},"ao":0,"w":750,"h":960,"ip":0,"op":120,"st":0,"bm":0},{"ddd":0,"ind":8,"ty":2,"nm":"_BG_POSITION_","refId":"image_3","sr":1,"ks":{"o":{"a":0,"k":100,"ix":11},"r":{"a":0,"k":0,"ix":10},"p":{"a":0,"k":[245.087,622.874,0],"ix":2},"a":{"a":0,"k":[154.372,266.643,0],"ix":1},"s":{"a":0,"k":[101,101,100],"ix":6}},"ao":0,"ip":0,"op":120,"st":0,"bm":0}],"markers":[]}