{"v":"5.6.9","fr":24,"ip":0,"op":120,"w":750,"h":1334,"nm":"黑色banner动效","ddd":0,"assets":[{"id":"image_0","w":94,"h":94,"u":"images/","p":"_ICON_HB_.png","e":0},{"id":"comp_0","layers":[{"ddd":0,"ind":1,"ty":5,"nm":"_CTA_TEXT_","sr":1,"ks":{"o":{"a":0,"k":100,"ix":11},"r":{"a":0,"k":0,"ix":10},"p":{"a":0,"k":[377.488,1217.365,0],"ix":2},"a":{"a":0,"k":[1.4,-9.87,0],"ix":1},"s":{"a":0,"k":[100,100,100],"ix":6}},"ao":0,"t":{"d":{"k":[{"s":{"s":34,"f":"STHeitiSC-Medium","t":"CTA文案限制十二个字超出…","j":2,"tr":0,"lh":40.8,"ls":0,"fc":[1,1,1]},"t":0}]},"p":{},"m":{"g":1,"a":{"a":0,"k":[0,0],"ix":2}},"a":[]},"ip":0,"op":120,"st":0,"bm":0},{"ddd":0,"ind":2,"ty":4,"nm":"_CTA_BG_","sr":1,"ks":{"o":{"a":0,"k":100,"ix":11},"r":{"a":0,"k":0,"ix":10},"p":{"a":0,"k":[375,1213.046,0],"ix":2},"a":{"a":0,"k":[0,686.046,0],"ix":1},"s":{"a":0,"k":[100,100,100],"ix":6}},"ao":0,"shapes":[{"ty":"gr","it":[{"ty":"rc","d":1,"s":{"a":0,"k":[562,84],"ix":2},"p":{"a":0,"k":[0,0],"ix":3},"r":{"a":0,"k":10,"ix":4},"nm":"矩形路径 1","mn":"ADBE Vector Shape - Rect","hd":false},{"ty":"fl","c":{"a":0,"k":[1,0.349019616842,0.21960785985,1],"ix":4},"o":{"a":0,"k":100,"ix":5},"r":1,"bm":0,"nm":"填充 1","mn":"ADBE Vector Graphic - Fill","hd":false},{"ty":"tr","p":{"a":0,"k":[2.155,687.624],"ix":2},"a":{"a":0,"k":[0,0],"ix":1},"s":{"a":0,"k":[100,100],"ix":3},"r":{"a":0,"k":0,"ix":6},"o":{"a":0,"k":100,"ix":7},"sk":{"a":0,"k":0,"ix":4},"sa":{"a":0,"k":0,"ix":5},"nm":"变换"}],"nm":"矩形 1","np":3,"cix":2,"bm":0,"ix":1,"mn":"ADBE Vector Group","hd":false}],"ip":0,"op":120,"st":0,"bm":0},{"ddd":0,"ind":3,"ty":2,"nm":"_ICON_","refId":"image_0","sr":1,"ks":{"o":{"a":0,"k":100,"ix":11},"r":{"a":0,"k":0,"ix":10},"p":{"a":0,"k":[129,1108.765,0],"ix":2},"a":{"a":0,"k":[47,47,0],"ix":1},"s":{"a":0,"k":[90,90,100],"ix":6}},"ao":0,"ip":0,"op":120,"st":0,"bm":0},{"ddd":0,"ind":4,"ty":5,"nm":"_AD_TITLE_","sr":1,"ks":{"o":{"a":0,"k":100,"ix":11},"r":{"a":0,"k":0,"ix":10},"p":{"a":0,"k":[183.4,1113.365,0],"ix":2},"a":{"a":0,"k":[1.4,-9.87,0],"ix":1},"s":{"a":0,"k":[100,100,100],"ix":6}},"ao":0,"t":{"d":{"k":[{"s":{"s":40,"f":"STHeitiSC-Medium","t":"限时领取超级福利手慢无！","j":0,"tr":0,"lh":48,"ls":0,"fc":[1,1,1]},"t":0}]},"p":{},"m":{"g":1,"a":{"a":0,"k":[0,0],"ix":2}},"a":[]},"ip":0,"op":120,"st":0,"bm":0},{"ddd":0,"ind":5,"ty":4,"nm":"_BG_","sr":1,"ks":{"o":{"a":0,"k":70,"ix":11},"r":{"a":0,"k":0,"ix":10},"p":{"a":0,"k":[375,1156.41,0],"ix":2},"a":{"a":0,"k":[0,649.41,0],"ix":1},"s":{"a":0,"k":[100,100,100],"ix":6}},"ao":0,"shapes":[{"ty":"gr","it":[{"ty":"rc","d":1,"s":{"a":0,"k":[630,242],"ix":2},"p":{"a":0,"k":[0,0],"ix":3},"r":{"a":0,"k":20,"ix":4},"nm":"矩形路径 1","mn":"ADBE Vector Shape - Rect","hd":false},{"ty":"fl","c":{"a":0,"k":[0,0,0,1],"ix":4},"o":{"a":0,"k":100,"ix":5},"r":1,"bm":0,"nm":"填充 1","mn":"ADBE Vector Graphic - Fill","hd":false},{"ty":"tr","p":{"a":0,"k":[-0.952,649.41],"ix":2},"a":{"a":0,"k":[0,0],"ix":1},"s":{"a":0,"k":[100,100],"ix":3},"r":{"a":0,"k":0,"ix":6},"o":{"a":0,"k":100,"ix":7},"sk":{"a":0,"k":0,"ix":4},"sa":{"a":0,"k":0,"ix":5},"nm":"变换"}],"nm":"矩形 1","np":3,"cix":2,"bm":0,"ix":1,"mn":"ADBE Vector Group","hd":false}],"ip":0,"op":120,"st":0,"bm":0}]}],"fonts":{"list":[{"origin":0,"fPath":"","fClass":"","fFamily":"Heiti SC","fWeight":"","fStyle":"Medium","fName":"STHeitiSC-Medium","ascent":88.9997556209564}]},"layers":[{"ddd":0,"ind":1,"ty":0,"nm":"黑色banner","refId":"comp_0","sr":1,"ks":{"o":{"a":0,"k":100,"ix":11},"r":{"a":1,"k":[{"i":{"x":[0.833],"y":[1]},"o":{"x":[0.556],"y":[0]},"t":0,"s":[-5]},{"i":{"x":[0.667],"y":[1]},"o":{"x":[0.167],"y":[0]},"t":6,"s":[5]},{"i":{"x":[0.833],"y":[1]},"o":{"x":[0.556],"y":[0]},"t":12,"s":[-5]},{"i":{"x":[0.667],"y":[1]},"o":{"x":[0.167],"y":[0]},"t":18,"s":[5]},{"i":{"x":[0.833],"y":[1]},"o":{"x":[0.556],"y":[0]},"t":24,"s":[-5]},{"i":{"x":[0.667],"y":[1]},"o":{"x":[0.167],"y":[0]},"t":30,"s":[5]},{"i":{"x":[0.833],"y":[1]},"o":{"x":[0.556],"y":[0]},"t":36,"s":[-5]},{"i":{"x":[0.667],"y":[1]},"o":{"x":[0.167],"y":[0]},"t":42,"s":[5]},{"i":{"x":[0.833],"y":[1]},"o":{"x":[0.556],"y":[0]},"t":48,"s":[-5]},{"i":{"x":[0.667],"y":[1]},"o":{"x":[0.167],"y":[0]},"t":54,"s":[5]},{"i":{"x":[0.833],"y":[1]},"o":{"x":[0.556],"y":[0]},"t":60,"s":[-5]},{"i":{"x":[0.667],"y":[1]},"o":{"x":[0.167],"y":[0]},"t":66,"s":[5]},{"i":{"x":[0.833],"y":[1]},"o":{"x":[0.556],"y":[0]},"t":72,"s":[-5]},{"i":{"x":[0.667],"y":[1]},"o":{"x":[0.167],"y":[0]},"t":78,"s":[5]},{"i":{"x":[0.833],"y":[1]},"o":{"x":[0.556],"y":[0]},"t":84,"s":[-5]},{"i":{"x":[0.667],"y":[1]},"o":{"x":[0.167],"y":[0]},"t":90,"s":[5]},{"i":{"x":[0.833],"y":[1]},"o":{"x":[0.556],"y":[0]},"t":96,"s":[-5]},{"i":{"x":[0.667],"y":[1]},"o":{"x":[0.167],"y":[0]},"t":102,"s":[5]},{"i":{"x":[0.833],"y":[1]},"o":{"x":[0.556],"y":[0]},"t":108,"s":[-5]},{"i":{"x":[0.667],"y":[1]},"o":{"x":[0.167],"y":[0]},"t":114,"s":[5]},{"t":119,"s":[-5]}],"ix":10},"p":{"a":0,"k":[380.322,1200.446,0],"ix":2},"a":{"a":0,"k":[375,1202.571,0],"ix":1},"s":{"a":0,"k":[100,100,100],"ix":6}},"ao":0,"w":750,"h":1334,"ip":0,"op":120,"st":0,"bm":0}],"markers":[{"tm":0,"cm":"loopStart","dr":0},{"tm":119,"cm":"loopEnd","dr":0}]}