{"v":"5.6.9","fr":24,"ip":0,"op":120,"w":750,"h":1334,"nm":"点击动效","ddd":0,"assets":[{"id":"image_0","w":665,"h":290,"u":"images/","p":"_CLICK_.png","e":0},{"id":"image_1","w":82,"h":74,"u":"images/","p":"__2_1.png","e":0}],"fonts":{"list":[{"origin":0,"fPath":"","fClass":"","fFamily":"SourceHanSansCN","fWeight":"","fStyle":"Normal","fName":"SourceHanSansCN-Normal","ascent":73.5989987850189}]},"layers":[{"ddd":0,"ind":1,"ty":2,"nm":"_CLICK_","refId":"image_0","sr":1,"ks":{"o":{"a":0,"k":1,"ix":11},"r":{"a":0,"k":0,"ix":10},"p":{"a":0,"k":[375,1179.619,0],"ix":2},"a":{"a":0,"k":[332.5,145,0],"ix":1},"s":{"a":0,"k":[100,100,100],"ix":6}},"ao":0,"ip":0,"op":121,"st":-25,"bm":0},{"ddd":0,"ind":2,"ty":2,"nm":"_HAND_","refId":"image_1","sr":1,"ks":{"o":{"a":0,"k":100,"ix":11},"r":{"a":0,"k":0,"ix":10},"p":{"a":0,"k":[515.039,1177.483,0],"ix":2},"a":{"a":0,"k":[12.757,9.003,0],"ix":1},"s":{"a":1,"k":[{"i":{"x":[0.667,0.667,0.667],"y":[1,1,1]},"o":{"x":[0.333,0.333,0.333],"y":[0,0,0]},"t":0,"s":[220,220,100]},{"i":{"x":[0.667,0.667,0.667],"y":[1,1,1]},"o":{"x":[0.333,0.333,0.333],"y":[0,0,0]},"t":9.487,"s":[180,180,100]},{"i":{"x":[0.667,0.667,0.667],"y":[1,1,1]},"o":{"x":[0.333,0.333,0.333],"y":[0,0,0]},"t":19.923,"s":[220,220,100]},{"i":{"x":[0.667,0.667,0.667],"y":[1,1,1]},"o":{"x":[0.333,0.333,0.333],"y":[0,0,0]},"t":30.359,"s":[180,180,100]},{"i":{"x":[0.667,0.667,0.667],"y":[1,1,1]},"o":{"x":[0.333,0.333,0.333],"y":[0,0,0]},"t":40.795,"s":[220,220,100]},{"i":{"x":[0.667,0.667,0.667],"y":[1,1,1]},"o":{"x":[0.333,0.333,0.333],"y":[0,0,0]},"t":50.282,"s":[180,180,100]},{"i":{"x":[0.667,0.667,0.667],"y":[1,1,1]},"o":{"x":[0.333,0.333,0.333],"y":[0,0,0]},"t":60.718,"s":[220,220,100]},{"i":{"x":[0.667,0.667,0.667],"y":[1,1,1]},"o":{"x":[0.333,0.333,0.333],"y":[0,0,0]},"t":71.154,"s":[180,180,100]},{"i":{"x":[0.667,0.667,0.667],"y":[1,1,1]},"o":{"x":[0.333,0.333,0.333],"y":[0,0,0]},"t":82.538,"s":[220,220,100]},{"i":{"x":[0.667,0.667,0.667],"y":[1,1,1]},"o":{"x":[0.333,0.333,0.333],"y":[0,0,0]},"t":92.025,"s":[180,180,100]},{"i":{"x":[0.667,0.667,0.667],"y":[1,1,1]},"o":{"x":[0.333,0.333,0.333],"y":[0,0,0]},"t":102.462,"s":[220,220,100]},{"i":{"x":[0.667,0.667,0.667],"y":[1,1,1]},"o":{"x":[0.167,0.167,0.167],"y":[0,0,0]},"t":111,"s":[180,180,100]},{"t":120,"s":[220,220,100]}],"ix":6}},"ao":0,"ip":0,"op":121,"st":0,"bm":0},{"ddd":0,"ind":3,"ty":5,"nm":"_CTA_TEXT_","sr":1,"ks":{"o":{"a":0,"k":100,"ix":11},"r":{"a":0,"k":0,"ix":10},"p":{"a":0,"k":[375,1151,0],"ix":2},"a":{"a":0,"k":[-0.108,-8.544,0],"ix":1},"s":{"a":0,"k":[150,150,100],"ix":6}},"ao":0,"t":{"d":{"k":[{"s":{"s":26,"f":"SourceHanSansCN-Normal","t":"按钮文案限一行最多十二字…","j":2,"tr":0,"lh":31.2,"ls":0,"fc":[1,1,1]},"t":0}]},"p":{},"m":{"g":1,"a":{"a":0,"k":[0,0],"ix":2}},"a":[]},"ip":0,"op":121,"st":-50,"bm":0},{"ddd":0,"ind":4,"ty":4,"nm":"_CTA_BG_","sr":1,"ks":{"o":{"a":0,"k":100,"ix":11},"r":{"a":0,"k":0,"ix":10},"p":{"a":0,"k":[375,1151,0],"ix":2},"a":{"a":0,"k":[0,623.654,0],"ix":1},"s":{"a":0,"k":[100,100,100],"ix":6}},"ao":0,"shapes":[{"ty":"gr","it":[{"ty":"rc","d":1,"s":{"a":0,"k":[620,154],"ix":2},"p":{"a":0,"k":[0,0],"ix":3},"r":{"a":0,"k":159,"ix":4},"nm":"矩形路径 1","mn":"ADBE Vector Shape - Rect","hd":false},{"ty":"st","c":{"a":0,"k":[1,1,1,1],"ix":3},"o":{"a":0,"k":100,"ix":4},"w":{"a":0,"k":3,"ix":5},"lc":1,"lj":1,"ml":4,"bm":0,"nm":"描边 1","mn":"ADBE Vector Graphic - Stroke","hd":false},{"ty":"fl","c":{"a":0,"k":[0,0,0,1],"ix":4},"o":{"a":0,"k":100,"ix":5},"r":1,"bm":0,"nm":"填充 1","mn":"ADBE Vector Graphic - Fill","hd":false},{"ty":"tr","p":{"a":0,"k":[0,623.654],"ix":2},"a":{"a":0,"k":[0,0],"ix":1},"s":{"a":0,"k":[100,100],"ix":3},"r":{"a":0,"k":0,"ix":6},"o":{"a":0,"k":40,"ix":7},"sk":{"a":0,"k":0,"ix":4},"sa":{"a":0,"k":0,"ix":5},"nm":"变换"}],"nm":"矩形 1","np":3,"cix":2,"bm":0,"ix":1,"mn":"ADBE Vector Group","hd":false}],"ip":0,"op":120,"st":0,"bm":0}],"markers":[{"tm":0,"cm":"loopStart","dr":0},{"tm":119,"cm":"loopEnd","dr":0}]}