{"v":"5.6.9","fr":24,"ip":0,"op":98,"w":750,"h":1334,"nm":"_BG_502002_V_","ddd":0,"assets":[{"id":"image_0","w":750,"h":360,"u":"images/","p":"img_0.png","e":0},{"id":"image_1","w":750,"h":1334,"u":"images/","p":"img_1.png","e":0},{"id":"image_2","w":416,"h":426,"u":"images/","p":"img_2.png","e":0},{"id":"image_3","w":394,"h":700,"u":"images/","p":"img_3.jpg","e":0}],"fonts":{"list":[{"origin":0,"fPath":"","fClass":"","fFamily":"SimHei","fWeight":"","fStyle":"Regular","fName":"SimHei","ascent":89.5989987850189}]},"layers":[{"ddd":0,"ind":3,"ty":5,"nm":"_AD_TITLE_","sr":1,"ks":{"o":{"a":0,"k":100,"ix":11},"r":{"a":0,"k":0,"ix":10},"p":{"a":0,"k":[642.145,164.347,0],"ix":2},"a":{"a":0,"k":[268,-36,0],"ix":1},"s":{"a":0,"k":[100,100,100],"ix":6}},"ao":0,"t":{"d":{"k":[{"s":{"s":90,"f":"SimHei","t":"广告标题文案","j":2,"tr":0,"lh":108,"ls":0,"fc":[0.075,0.455,1],"sc":[1,1,1],"sw":14,"of":false},"t":0}]},"p":{},"m":{"g":1,"a":{"a":0,"k":[0,0],"ix":2}},"a":[]},"ip":0,"op":98,"st":0,"bm":0},{"ddd":0,"ind":4,"ty":2,"nm":"_GRADIENT_BG_","refId":"image_0","sr":1,"ks":{"o":{"a":0,"k":100,"ix":11},"r":{"a":0,"k":0,"ix":10},"p":{"a":0,"k":[375,1154,0],"ix":2},"a":{"a":0,"k":[375,180,0],"ix":1},"s":{"a":0,"k":[100,100,100],"ix":6}},"ao":0,"ip":0,"op":98,"st":0,"bm":0},{"ddd":0,"ind":5,"ty":2,"nm":"_BG_","refId":"image_1","sr":1,"ks":{"o":{"a":0,"k":100,"ix":11},"r":{"a":0,"k":0,"ix":10},"p":{"a":0,"k":[375,667,0],"ix":2},"a":{"a":0,"k":[375,667,0],"ix":1},"s":{"a":0,"k":[100,100,100],"ix":6}},"ao":0,"ip":0,"op":98,"st":0,"bm":0},{"ddd":0,"ind":6,"ty":2,"nm":"_GRADIENT_AD_","refId":"image_2","sr":1,"ks":{"o":{"a":0,"k":100,"ix":11},"r":{"a":0,"k":0,"ix":10},"p":{"a":0,"k":[375,752,0],"ix":2},"a":{"a":0,"k":[208,213,0],"ix":1},"s":{"a":0,"k":[100,100,100],"ix":6}},"ao":0,"ip":0,"op":120,"st":0,"bm":0},{"ddd":0,"ind":7,"ty":2,"nm":"_BG_POSTION_","refId":"image_3","sr":1,"ks":{"o":{"a":0,"k":100,"ix":11},"r":{"a":0,"k":0,"ix":10},"p":{"a":0,"k":[375,615,0],"ix":2},"a":{"a":0,"k":[197,350,0],"ix":1},"s":{"a":0,"k":[100,100,100],"ix":6}},"ao":0,"ip":0,"op":98,"st":0,"bm":0}],"markers":[]}