{
  "data": {
    "icon": {
      "value": {
        "src": "'${ads[0].materials[0].companion.icon_url}'"
      }
    },
    "title": {
      "value": "'${ads[0].materials[0].companion.title}'"
    },
    "star_rating": {
      "value": {
        "rating": "${ads[0].materials[0].companion.score}"
      }
    },
    "cta": {
      "value": "'${ads[0].materials[0].companion.button_text}'"
    }
  },
  "event": {
    "container": {
      "value": "javaScript",
      "script": "KXC000004.event.onClick"
    },
    "cta": {
      "value": "javaScript",
      "script": "KXC000004.event.ctaClick"
    }

  },
  "animation": {}
}