{
  "container": {
    "width": "100%",
    "height": "100%",
    "borderRadius": 10,
    "padding": {
      "top": 10,
      "bottom": 10,
      "left": 10,
      "right": 10
    },
    "alignRules": {
      "middle": {
        "anchor": "__container__",
        "align": "HorizontalAlign.Center"
      },
      "center": {
        "anchor": "__container__",
        "align": "VerticalAlign.Center"
      }
    }
  },
  "icon": {
    "aspectRatio": 1,
    "borderRadius": 10,
    "hitTestBehavior": "HitTestMode.Transparent",
    "alignRules": {
      "left": {
        "anchor": "__container__",
        "align": "HorizontalAlign.Start"
      },
      "top": {
        "anchor": "__container__",
        "align": "VerticalAlign.Top"
      },
      "bottom": {
        "anchor": "__container__",
        "align": "VerticalAlign.Bottom"
      }
    }
  },
  "cta": {
    "height": 40,
    "padding": {
      "left": 20,
      "right": 20
    },
    "borderRadius": 20,
    "fontColor": "KXC000004.color.buttonTextColor()",
    "backgroundColor": "KXC000004.color.buttonColor()",
    "alignRules": {
      "center": {
        "anchor": "__container__",
        "align": "VerticalAlign.Center"
      },
      "right": {
        "anchor": "__container__",
        "align": "HorizontalAlign.End"
      }
    }
  },
  "content_id": {
    "hitTestBehavior": "HitTestMode.Transparent",
    "justifyContent": "FlexAlign.SpaceBetween",
    "alignItems": "HorizontalAlign.Start",
    "padding": {
      "left": 10
    },
    "alignRules": {
      "left": {
        "anchor": "icon",
        "align": "HorizontalAlign.End"
      },
      "right": {
        "anchor": "cta",
        "align": "HorizontalAlign.Start"
      },
      "top": {
        "anchor": "icon",
        "align": "VerticalAlign.Top"
      },
      "bottom": {
        "anchor": "icon",
        "align": "VerticalAlign.Bottom"
      }
    }
  },
  "title": {
    "hitTestBehavior": "HitTestMode.Transparent",
    "fontColor": "#000000",
    "fontSize": 18,
    "fontWeight": "FontWeight.Bold"
  },
  "star_rating": {
    "hitTestBehavior": "HitTestMode.Transparent",
    "width": "95%",
    "height": 20,
    "starSize": 20,
    "stars": 5,
    "spacing": 5
  }
}

