{
  "type": "RelativeContainer",
  "id": "container",
  "styleId": "container",
  "children": [
    {
      "type": "Image",
      "id": "icon",
      "styleId": "icon"
    },
    {
      "type": "Column",
      "id": "content_id",
      "styleId": "content_id",
      "children": [
        {
          "type": "Text",
          "id": "title",
          "styleId": "title"
        },
        {
          "type": "StarRating",
          "id": "star_rating",
          "styleId": "star_rating"
        }
      ]
    },
    {
      "type": "Text",
      "id": "cta",
      "styleId": "cta"
    }
  ]
}