{
  "data": {
    "blur_image_bg_id": {
      "value": {
        "src": "main.event.bgImagePath()"
      }
    },
    "blur_image_id": {
      "value": {
        "src":"'${ads[0].materials[0].image_src}'"
      }
    },
    "image_id": {
      "value": {
        "src": "'${ads[0].materials[0].image_src}'"
      }
    },
    "logo_icon": {
      "value": {
        "src": "'${ads[0].ad_source_logo}'"
      }
    },
    "logo_text": {
      "value": "'广告'"
    },
    "control_right_skipview_id": {
      "value": {
        "title": "'跳过'",
        "scale": 1.0,
        "isCountDown":true
      }
    },
    "interaction_text_id": {
      "value":"'互动广告'"
    }
  },
  "event":{
    "widget_id": {
      "type": "slide",
      "value": "javaScript",
      "script": "main.event.click",
      "params":{
        "distanceValue": "main.event.distance()"
      }
    },
    "control_right_sound_id": {
      "value": "javaScript",
      "script": "main.event.soundClick"
    },
    "control_right_skipview_id": {
      "value": "javaScript",
      "script": "main.event.skipClick",
      "params": {
        "nodeId": "'control_right_skipview_id'"
      }
    }
  },
  "animation":{}
}