{
  "type": "RelativeContainer",
  "id": "root_id",
  "styleId": "root_id",
  "children": [
    {
      "type": "Vpaid",
      "id": "video_id",
      "styleId": "video_id"
    },
    {
      "type": "RelativeContainer",
      "id": "image_root_id",
      "styleId": "image_root_id",
      "children": [
        {
          "type": "Image",
          "id": "blur_image_id",
          "styleId": "blur_image_id"
        },
        {
          "type": "Image",
          "id": "image_id",
          "styleId": "image_id"
        }
      ]
    },
    {
      "type": "Image",
      "id": "blur_image_bg_id",
      "styleId": "blur_image_bg_id",
       "contentMode":"ImageFit.Fill"
    },
    {
      "type": "LottieView",
      "id": "lottie_bg_id",
      "styleId": "lottie_bg_id"
    },
    {
      "type": "LottieView",
      "id": "lottie_card_id",
      "styleId": "lottie_card_id"
    },
    {
      "type": "LottieView",
      "id": "widget_id",
      "styleId": "widget_id"
    },
    {
      "type": "RelativeContainer",
      "id": "control_root_id",
      "styleId": "control_root_id",
      "children": [
        {
          "type": "Row",
          "id": "control_right_row_id",
          "styleId": "control_right_row_id",
          "children": [
            {
              "type": "Text",
              "id": "interaction_text_id",
              "styleId": "interaction_text_id"
            },
            {
              "type": "SkipView",
              "id": "control_right_skipview_id",
              "styleId": "control_right_skipview_id"
            }

          ]
        }
      ]
    },
    {
      "type": "Row",
      "id": "logo_container",
      "styleId": "logo_container",
      "children": [
        {
          "type": "Image",
          "id": "logo_icon",
          "styleId": "logo_icon"
        },
        {
          "type": "Text",
          "id": "logo_text",
          "styleId": "logo_text"
        }
      ]
    }
  ]
}
