{"v":"5.6.9","fr":24,"ip":0,"op":120,"w":750,"h":1334,"nm":"滑动手机至banner动效","ddd":0,"assets":[{"id":"image_0","w":249,"h":249,"u":"images/","p":"img_0.png","e":0},{"id":"image_1","w":665,"h":290,"u":"images/","p":"img_1.jpg","e":0},{"id":"image_2","w":215,"h":273,"u":"images/","p":"img_2.png","e":0},{"id":"image_3","w":56,"h":32,"u":"images/","p":"img_3.png","e":0},{"id":"image_4","w":29,"h":29,"u":"images/","p":"img_4.png","e":0},{"id":"image_5","w":65,"h":101,"u":"images/","p":"img_5.png","e":0},{"id":"image_6","w":628,"h":156,"u":"images/","p":"img_6.png","e":0},{"id":"comp_0","layers":[{"ddd":0,"ind":1,"ty":2,"nm":"_HAND_","refId":"image_0","sr":1,"ks":{"o":{"a":0,"k":100,"ix":11},"r":{"a":1,"k":[{"i":{"x":[0.833],"y":[0.833]},"o":{"x":[0.167],"y":[0.167]},"t":0,"s":[0]},{"i":{"x":[0.833],"y":[0.833]},"o":{"x":[0.167],"y":[0.167]},"t":17.009,"s":[0]},{"i":{"x":[0.833],"y":[0.833]},"o":{"x":[0.167],"y":[0.167]},"t":18.072,"s":[-90]},{"i":{"x":[0.833],"y":[0.833]},"o":{"x":[0.167],"y":[0.167]},"t":37.207,"s":[-90]},{"i":{"x":[0.833],"y":[0.833]},"o":{"x":[0.167],"y":[0.167]},"t":38.271,"s":[-45]},{"i":{"x":[0.833],"y":[0.833]},"o":{"x":[0.167],"y":[0.167]},"t":58.469,"s":[-45]},{"i":{"x":[0.833],"y":[0.833]},"o":{"x":[0.167],"y":[0.167]},"t":59.531,"s":[0]},{"i":{"x":[0.833],"y":[0.833]},"o":{"x":[0.167],"y":[0.167]},"t":76.541,"s":[0]},{"i":{"x":[0.833],"y":[0.833]},"o":{"x":[0.167],"y":[0.167]},"t":77.604,"s":[-90]},{"i":{"x":[0.833],"y":[0.833]},"o":{"x":[0.167],"y":[0.167]},"t":96.738,"s":[-90]},{"i":{"x":[0.833],"y":[0.833]},"o":{"x":[0.167],"y":[0.167]},"t":97.802,"s":[-45]},{"t":118,"s":[-45]}],"ix":10},"p":{"a":1,"k":[{"i":{"x":0.833,"y":0.833},"o":{"x":0.167,"y":0.167},"t":0,"s":[138.968,118.586,0],"to":[0,-3.167,0],"ti":[0,0,0]},{"i":{"x":0.833,"y":0.802},"o":{"x":0.167,"y":0.167},"t":9.567,"s":[138.968,99.586,0],"to":[0,0,0],"ti":[0,-4,0]},{"i":{"x":0.833,"y":0.902},"o":{"x":0.167,"y":0.079},"t":17.009,"s":[138.968,118.586,0],"to":[0,4,0],"ti":[4.247,-1.198,0]},{"i":{"x":0.833,"y":0.974},"o":{"x":0.167,"y":0.026},"t":18.072,"s":[138.968,123.586,0],"to":[-4.247,1.198,0],"ti":[8.08,-0.364,0]},{"i":{"x":0.833,"y":0.739},"o":{"x":0.167,"y":0.261},"t":19.135,"s":[113.488,125.771,0],"to":[-8.08,0.364,0],"ti":[0,0,0]},{"i":{"x":0.833,"y":0.768},"o":{"x":0.167,"y":0.232},"t":28.703,"s":[90.488,125.771,0],"to":[0,0,0],"ti":[-5.167,0,0]},{"i":{"x":0.833,"y":0.92},"o":{"x":0.167,"y":0.08},"t":37.207,"s":[113.488,125.771,0],"to":[5.167,0,0],"ti":[-0.969,1.821,0]},{"i":{"x":0.833,"y":0.944},"o":{"x":0.167,"y":0.056},"t":38.271,"s":[121.488,125.771,0],"to":[0.969,-1.821,0],"ti":[4.526,5.15,0]},{"i":{"x":0.833,"y":0.792},"o":{"x":0.167,"y":0.208},"t":39.333,"s":[119.303,114.846,0],"to":[-4.526,-5.15,0],"ti":[0,0,0]},{"i":{"x":0.833,"y":0.833},"o":{"x":0.167,"y":0.167},"t":49.964,"s":[94.331,94.868,0],"to":[0,0,0],"ti":[-7.44,-3.953,0]},{"i":{"x":0.833,"y":0.968},"o":{"x":0.167,"y":0.032},"t":58.469,"s":[119.303,114.846,0],"to":[7.44,3.953,0],"ti":[-3.278,2.543,0]},{"i":{"x":0.833,"y":0.833},"o":{"x":0.167,"y":0.31},"t":59.531,"s":[138.968,118.586,0],"to":[3.278,-2.543,0],"ti":[0,0,0]},{"i":{"x":0.833,"y":0.802},"o":{"x":0.167,"y":0.167},"t":69.099,"s":[138.968,99.586,0],"to":[0,0,0],"ti":[0,-4,0]},{"i":{"x":0.833,"y":0.902},"o":{"x":0.167,"y":0.079},"t":76.541,"s":[138.968,118.586,0],"to":[0,4,0],"ti":[4.247,-1.198,0]},{"i":{"x":0.833,"y":0.974},"o":{"x":0.167,"y":0.026},"t":77.604,"s":[138.968,123.586,0],"to":[-4.247,1.198,0],"ti":[8.08,-0.364,0]},{"i":{"x":0.833,"y":0.739},"o":{"x":0.167,"y":0.261},"t":78.667,"s":[113.488,125.771,0],"to":[-8.08,0.364,0],"ti":[0,0,0]},{"i":{"x":0.833,"y":0.768},"o":{"x":0.167,"y":0.232},"t":88.234,"s":[90.488,125.771,0],"to":[0,0,0],"ti":[-5.167,0,0]},{"i":{"x":0.833,"y":0.92},"o":{"x":0.167,"y":0.08},"t":96.738,"s":[113.488,125.771,0],"to":[5.167,0,0],"ti":[-0.969,1.821,0]},{"i":{"x":0.833,"y":0.944},"o":{"x":0.167,"y":0.056},"t":97.802,"s":[121.488,125.771,0],"to":[0.969,-1.821,0],"ti":[4.526,5.15,0]},{"i":{"x":0.833,"y":0.792},"o":{"x":0.167,"y":0.208},"t":98.865,"s":[119.303,114.846,0],"to":[-4.526,-5.15,0],"ti":[0,0,0]},{"i":{"x":0.833,"y":0.833},"o":{"x":0.167,"y":0.167},"t":109.495,"s":[94.331,94.868,0],"to":[0,0,0],"ti":[-4.162,-3.33,0]},{"t":118,"s":[119.303,114.846,0]}],"ix":2},"a":{"a":0,"k":[124.5,124.5,0],"ix":1},"s":{"a":0,"k":[35,35,100],"ix":6}},"ao":0,"ip":0,"op":120,"st":0,"bm":0},{"ddd":0,"ind":2,"ty":4,"nm":"形状图层 3","sr":1,"ks":{"o":{"a":0,"k":100,"ix":11},"r":{"a":0,"k":0,"ix":10},"p":{"a":1,"k":[{"i":{"x":0.833,"y":0.833},"o":{"x":0.167,"y":0.167},"t":0,"s":[130.968,133.586,0],"to":[0,-3,0],"ti":[0,0,0]},{"i":{"x":0.833,"y":0.833},"o":{"x":0.167,"y":0.167},"t":9.567,"s":[130.968,115.586,0],"to":[0,0,0],"ti":[0,-3,0]},{"i":{"x":0.833,"y":0.833},"o":{"x":0.167,"y":0.167},"t":15.946,"s":[130.968,133.586,0],"to":[0,0,0],"ti":[0,0,0]},{"i":{"x":0.833,"y":0.833},"o":{"x":0.167,"y":0.167},"t":59.531,"s":[130.968,133.586,0],"to":[0,-3,0],"ti":[0,0,0]},{"i":{"x":0.833,"y":0.833},"o":{"x":0.167,"y":0.167},"t":69.099,"s":[130.968,115.586,0],"to":[0,0,0],"ti":[0,-3,0]},{"t":75.4775390625,"s":[130.968,133.586,0]}],"ix":2},"a":{"a":0,"k":[-4.152,35.215,0],"ix":1},"s":{"a":0,"k":[54,54,100],"ix":6}},"ao":0,"shapes":[{"ty":"gr","it":[{"ind":0,"ty":"sh","ix":1,"ks":{"a":0,"k":{"i":[[0,0],[0,0],[0,0],[0,0],[0,0],[0,0],[0,0]],"o":[[0,0],[0,0],[0,0],[0,0],[0,0],[0,0],[0,0]],"v":[[-0.71,-125.757],[-21.529,-100.039],[-7.638,-100.039],[-7.638,-69.917],[6.877,-69.917],[6.877,-100.091],[19.987,-100.118]],"c":true},"ix":2},"nm":"路径 1","mn":"ADBE Vector Shape - Group","hd":false},{"ty":"fl","c":{"a":0,"k":[1,1,1,1],"ix":4},"o":{"a":0,"k":100,"ix":5},"r":1,"bm":0,"nm":"填充 1","mn":"ADBE Vector Graphic - Fill","hd":false},{"ty":"tr","p":{"a":0,"k":[-4.314,2.897],"ix":2},"a":{"a":0,"k":[0,0],"ix":1},"s":{"a":0,"k":[100,100],"ix":3},"r":{"a":0,"k":0,"ix":6},"o":{"a":0,"k":100,"ix":7},"sk":{"a":0,"k":0,"ix":4},"sa":{"a":0,"k":0,"ix":5},"nm":"变换"}],"nm":"形状 1","np":3,"cix":2,"bm":0,"ix":1,"mn":"ADBE Vector Group","hd":false}],"ip":0,"op":120,"st":0,"bm":0},{"ddd":0,"ind":3,"ty":4,"nm":"形状图层 7","sr":1,"ks":{"o":{"a":0,"k":100,"ix":11},"r":{"a":0,"k":-90,"ix":10},"p":{"a":1,"k":[{"i":{"x":0.833,"y":0.833},"o":{"x":0.167,"y":0.167},"t":19.135,"s":[130.968,133.586,0],"to":[-3.5,0,0],"ti":[0,0,0]},{"i":{"x":0.833,"y":0.833},"o":{"x":0.167,"y":0.167},"t":28.703,"s":[109.968,133.586,0],"to":[0,0,0],"ti":[-3.5,0,0]},{"i":{"x":0.833,"y":0.833},"o":{"x":0.167,"y":0.167},"t":36.145,"s":[130.968,133.586,0],"to":[0,0,0],"ti":[0,0,0]},{"i":{"x":0.833,"y":0.833},"o":{"x":0.167,"y":0.167},"t":78.667,"s":[130.968,133.586,0],"to":[-3.5,0,0],"ti":[0,0,0]},{"i":{"x":0.833,"y":0.833},"o":{"x":0.167,"y":0.167},"t":88.234,"s":[109.968,133.586,0],"to":[0,0,0],"ti":[-3.5,0,0]},{"t":95.67578125,"s":[130.968,133.586,0]}],"ix":2},"a":{"a":0,"k":[-3.595,38.193,0],"ix":1},"s":{"a":0,"k":[54,54,100],"ix":6}},"ao":0,"shapes":[{"ty":"gr","it":[{"ind":0,"ty":"sh","ix":1,"ks":{"a":0,"k":{"i":[[0,0],[0,0],[0,0],[0,0],[0,0],[0,0],[0,0]],"o":[[0,0],[0,0],[0,0],[0,0],[0,0],[0,0],[0,0]],"v":[[-0.71,-125.757],[-21.529,-100.039],[-7.638,-100.039],[-7.638,-69.917],[6.877,-69.917],[6.877,-100.091],[19.987,-100.118]],"c":true},"ix":2},"nm":"路径 1","mn":"ADBE Vector Shape - Group","hd":false},{"ty":"fl","c":{"a":0,"k":[1,1,1,1],"ix":4},"o":{"a":0,"k":100,"ix":5},"r":1,"bm":0,"nm":"填充 1","mn":"ADBE Vector Graphic - Fill","hd":false},{"ty":"tr","p":{"a":0,"k":[-4.314,2.897],"ix":2},"a":{"a":0,"k":[0,0],"ix":1},"s":{"a":0,"k":[100,100],"ix":3},"r":{"a":0,"k":0,"ix":6},"o":{"a":0,"k":100,"ix":7},"sk":{"a":0,"k":0,"ix":4},"sa":{"a":0,"k":0,"ix":5},"nm":"变换"}],"nm":"形状 1","np":3,"cix":2,"bm":0,"ix":1,"mn":"ADBE Vector Group","hd":false}],"ip":0,"op":120,"st":0,"bm":0},{"ddd":0,"ind":4,"ty":4,"nm":"形状图层 8","sr":1,"ks":{"o":{"a":0,"k":100,"ix":11},"r":{"a":0,"k":-45,"ix":10},"p":{"a":1,"k":[{"i":{"x":0.833,"y":0.833},"o":{"x":0.167,"y":0.167},"t":39.333,"s":[130.968,133.586,0],"to":[-4.162,-3.33,0],"ti":[0,0,0]},{"i":{"x":0.833,"y":0.833},"o":{"x":0.167,"y":0.167},"t":49.964,"s":[105.997,113.609,0],"to":[0,0,0],"ti":[-4.162,-3.33,0]},{"i":{"x":0.833,"y":0.833},"o":{"x":0.167,"y":0.167},"t":58.469,"s":[130.968,133.586,0],"to":[0,0,0],"ti":[0,0,0]},{"i":{"x":0.833,"y":0.833},"o":{"x":0.167,"y":0.167},"t":98.865,"s":[130.968,133.586,0],"to":[-4.162,-3.33,0],"ti":[0,0,0]},{"i":{"x":0.833,"y":0.833},"o":{"x":0.167,"y":0.167},"t":109.495,"s":[105.997,113.609,0],"to":[0,0,0],"ti":[-4.162,-3.33,0]},{"t":118,"s":[130.968,133.586,0]}],"ix":2},"a":{"a":0,"k":[-3.257,41.589,0],"ix":1},"s":{"a":0,"k":[54,54,100],"ix":6}},"ao":0,"shapes":[{"ty":"gr","it":[{"ind":0,"ty":"sh","ix":1,"ks":{"a":0,"k":{"i":[[0,0],[0,0],[0,0],[0,0],[0,0],[0,0],[0,0]],"o":[[0,0],[0,0],[0,0],[0,0],[0,0],[0,0],[0,0]],"v":[[-0.71,-125.757],[-21.529,-100.039],[-7.638,-100.039],[-7.638,-69.917],[6.877,-69.917],[6.877,-100.091],[19.987,-100.118]],"c":true},"ix":2},"nm":"路径 1","mn":"ADBE Vector Shape - Group","hd":false},{"ty":"fl","c":{"a":0,"k":[1,1,1,1],"ix":4},"o":{"a":0,"k":100,"ix":5},"r":1,"bm":0,"nm":"填充 1","mn":"ADBE Vector Graphic - Fill","hd":false},{"ty":"tr","p":{"a":0,"k":[-4.314,2.897],"ix":2},"a":{"a":0,"k":[0,0],"ix":1},"s":{"a":0,"k":[100,100],"ix":3},"r":{"a":0,"k":0,"ix":6},"o":{"a":0,"k":100,"ix":7},"sk":{"a":0,"k":0,"ix":4},"sa":{"a":0,"k":0,"ix":5},"nm":"变换"}],"nm":"形状 1","np":3,"cix":2,"bm":0,"ix":1,"mn":"ADBE Vector Group","hd":false}],"ip":0,"op":120,"st":0,"bm":0},{"ddd":0,"ind":5,"ty":4,"nm":"形状图层 6","sr":1,"ks":{"o":{"a":0,"k":100,"ix":11},"r":{"a":0,"k":-135,"ix":10},"p":{"a":0,"k":[130.968,133.586,0],"ix":2},"a":{"a":0,"k":[-4.969,44.088,0],"ix":1},"s":{"a":0,"k":[54,54,100],"ix":6}},"ao":0,"shapes":[{"ty":"gr","it":[{"ind":0,"ty":"sh","ix":1,"ks":{"a":0,"k":{"i":[[0,0],[0,0],[0,0],[0,0],[0,0],[0,0],[0,0]],"o":[[0,0],[0,0],[0,0],[0,0],[0,0],[0,0],[0,0]],"v":[[-0.71,-125.757],[-21.529,-100.039],[-7.638,-100.039],[-7.638,-69.917],[6.877,-69.917],[6.877,-100.091],[19.987,-100.118]],"c":true},"ix":2},"nm":"路径 1","mn":"ADBE Vector Shape - Group","hd":false},{"ty":"fl","c":{"a":0,"k":[1,1,1,1],"ix":4},"o":{"a":0,"k":100,"ix":5},"r":1,"bm":0,"nm":"填充 1","mn":"ADBE Vector Graphic - Fill","hd":false},{"ty":"tr","p":{"a":0,"k":[-4.314,2.897],"ix":2},"a":{"a":0,"k":[0,0],"ix":1},"s":{"a":0,"k":[100,100],"ix":3},"r":{"a":0,"k":0,"ix":6},"o":{"a":0,"k":100,"ix":7},"sk":{"a":0,"k":0,"ix":4},"sa":{"a":0,"k":0,"ix":5},"nm":"变换"}],"nm":"形状 1","np":3,"cix":2,"bm":0,"ix":1,"mn":"ADBE Vector Group","hd":false}],"ip":0,"op":120,"st":0,"bm":0},{"ddd":0,"ind":6,"ty":4,"nm":"形状图层 5","sr":1,"ks":{"o":{"a":0,"k":100,"ix":11},"r":{"a":0,"k":180,"ix":10},"p":{"a":0,"k":[130.968,133.586,0],"ix":2},"a":{"a":0,"k":[-6.573,38.75,0],"ix":1},"s":{"a":0,"k":[54,54,100],"ix":6}},"ao":0,"shapes":[{"ty":"gr","it":[{"ind":0,"ty":"sh","ix":1,"ks":{"a":0,"k":{"i":[[0,0],[0,0],[0,0],[0,0],[0,0],[0,0],[0,0]],"o":[[0,0],[0,0],[0,0],[0,0],[0,0],[0,0],[0,0]],"v":[[-0.71,-125.757],[-21.529,-100.039],[-7.638,-100.039],[-7.638,-69.917],[6.877,-69.917],[6.877,-100.091],[19.987,-100.118]],"c":true},"ix":2},"nm":"路径 1","mn":"ADBE Vector Shape - Group","hd":false},{"ty":"fl","c":{"a":0,"k":[1,1,1,1],"ix":4},"o":{"a":0,"k":100,"ix":5},"r":1,"bm":0,"nm":"填充 1","mn":"ADBE Vector Graphic - Fill","hd":false},{"ty":"tr","p":{"a":0,"k":[-4.314,2.897],"ix":2},"a":{"a":0,"k":[0,0],"ix":1},"s":{"a":0,"k":[100,100],"ix":3},"r":{"a":0,"k":0,"ix":6},"o":{"a":0,"k":100,"ix":7},"sk":{"a":0,"k":0,"ix":4},"sa":{"a":0,"k":0,"ix":5},"nm":"变换"}],"nm":"形状 1","np":3,"cix":2,"bm":0,"ix":1,"mn":"ADBE Vector Group","hd":false}],"ip":0,"op":120,"st":0,"bm":0},{"ddd":0,"ind":7,"ty":4,"nm":"形状图层 4","sr":1,"ks":{"o":{"a":0,"k":100,"ix":11},"r":{"a":0,"k":45,"ix":10},"p":{"a":0,"k":[130.968,133.586,0],"ix":2},"a":{"a":0,"k":[-5.757,39.877,0],"ix":1},"s":{"a":0,"k":[54,54,100],"ix":6}},"ao":0,"shapes":[{"ty":"gr","it":[{"ind":0,"ty":"sh","ix":1,"ks":{"a":0,"k":{"i":[[0,0],[0,0],[0,0],[0,0],[0,0],[0,0],[0,0]],"o":[[0,0],[0,0],[0,0],[0,0],[0,0],[0,0],[0,0]],"v":[[-0.71,-125.757],[-21.529,-100.039],[-7.638,-100.039],[-7.638,-69.917],[6.877,-69.917],[6.877,-100.091],[19.987,-100.118]],"c":true},"ix":2},"nm":"路径 1","mn":"ADBE Vector Shape - Group","hd":false},{"ty":"fl","c":{"a":0,"k":[1,1,1,1],"ix":4},"o":{"a":0,"k":100,"ix":5},"r":1,"bm":0,"nm":"填充 1","mn":"ADBE Vector Graphic - Fill","hd":false},{"ty":"tr","p":{"a":0,"k":[-4.314,2.897],"ix":2},"a":{"a":0,"k":[0,0],"ix":1},"s":{"a":0,"k":[100,100],"ix":3},"r":{"a":0,"k":0,"ix":6},"o":{"a":0,"k":100,"ix":7},"sk":{"a":0,"k":0,"ix":4},"sa":{"a":0,"k":0,"ix":5},"nm":"变换"}],"nm":"形状 1","np":3,"cix":2,"bm":0,"ix":1,"mn":"ADBE Vector Group","hd":false}],"ip":0,"op":120,"st":0,"bm":0},{"ddd":0,"ind":8,"ty":4,"nm":"形状图层 2","sr":1,"ks":{"o":{"a":0,"k":100,"ix":11},"r":{"a":0,"k":135,"ix":10},"p":{"a":0,"k":[130.968,133.586,0],"ix":2},"a":{"a":0,"k":[-7.469,42.376,0],"ix":1},"s":{"a":0,"k":[54,54,100],"ix":6}},"ao":0,"shapes":[{"ty":"gr","it":[{"ind":0,"ty":"sh","ix":1,"ks":{"a":0,"k":{"i":[[0,0],[0,0],[0,0],[0,0],[0,0],[0,0],[0,0]],"o":[[0,0],[0,0],[0,0],[0,0],[0,0],[0,0],[0,0]],"v":[[-0.71,-125.757],[-21.529,-100.039],[-7.638,-100.039],[-7.638,-69.917],[6.877,-69.917],[6.877,-100.091],[19.987,-100.118]],"c":true},"ix":2},"nm":"路径 1","mn":"ADBE Vector Shape - Group","hd":false},{"ty":"fl","c":{"a":0,"k":[1,1,1,1],"ix":4},"o":{"a":0,"k":100,"ix":5},"r":1,"bm":0,"nm":"填充 1","mn":"ADBE Vector Graphic - Fill","hd":false},{"ty":"tr","p":{"a":0,"k":[-4.314,2.897],"ix":2},"a":{"a":0,"k":[0,0],"ix":1},"s":{"a":0,"k":[100,100],"ix":3},"r":{"a":0,"k":0,"ix":6},"o":{"a":0,"k":100,"ix":7},"sk":{"a":0,"k":0,"ix":4},"sa":{"a":0,"k":0,"ix":5},"nm":"变换"}],"nm":"形状 1","np":3,"cix":2,"bm":0,"ix":1,"mn":"ADBE Vector Group","hd":false}],"ip":0,"op":120,"st":0,"bm":0},{"ddd":0,"ind":9,"ty":4,"nm":"形状图层 1","sr":1,"ks":{"o":{"a":0,"k":100,"ix":11},"r":{"a":0,"k":90,"ix":10},"p":{"a":0,"k":[130.968,133.586,0],"ix":2},"a":{"a":0,"k":[-7.13,35.772,0],"ix":1},"s":{"a":0,"k":[54,54,100],"ix":6}},"ao":0,"shapes":[{"ty":"gr","it":[{"ind":0,"ty":"sh","ix":1,"ks":{"a":0,"k":{"i":[[0,0],[0,0],[0,0],[0,0],[0,0],[0,0],[0,0]],"o":[[0,0],[0,0],[0,0],[0,0],[0,0],[0,0],[0,0]],"v":[[-0.71,-125.757],[-21.529,-100.039],[-7.638,-100.039],[-7.638,-69.917],[6.877,-69.917],[6.877,-100.091],[19.987,-100.118]],"c":true},"ix":2},"nm":"路径 1","mn":"ADBE Vector Shape - Group","hd":false},{"ty":"fl","c":{"a":0,"k":[1,1,1,1],"ix":4},"o":{"a":0,"k":100,"ix":5},"r":1,"bm":0,"nm":"填充 1","mn":"ADBE Vector Graphic - Fill","hd":false},{"ty":"tr","p":{"a":0,"k":[-4.314,2.897],"ix":2},"a":{"a":0,"k":[0,0],"ix":1},"s":{"a":0,"k":[100,100],"ix":3},"r":{"a":0,"k":0,"ix":6},"o":{"a":0,"k":100,"ix":7},"sk":{"a":0,"k":0,"ix":4},"sa":{"a":0,"k":0,"ix":5},"nm":"变换"}],"nm":"形状 1","np":3,"cix":2,"bm":0,"ix":1,"mn":"ADBE Vector Group","hd":false}],"ip":0,"op":120,"st":0,"bm":0}]},{"id":"comp_1","layers":[{"ddd":0,"ind":1,"ty":5,"nm":"_INT_TEXT_","sr":1,"ks":{"o":{"a":0,"k":100,"ix":11},"r":{"a":0,"k":0,"ix":10},"p":{"a":0,"k":[375.768,1270,0],"ix":2},"a":{"a":0,"k":[0,0,0],"ix":1},"s":{"a":0,"k":[100,100,100],"ix":6}},"ao":0,"t":{"d":{"k":[{"s":{"s":24,"f":"STHeitiSC-Medium","t":"XXX跳转至第三方平台","j":2,"tr":0,"lh":28.8,"ls":0,"fc":[1,1,1]},"t":0}]},"p":{},"m":{"g":1,"a":{"a":0,"k":[0,0],"ix":2}},"a":[]},"ip":0,"op":149,"st":0,"bm":0},{"ddd":0,"ind":3,"ty":2,"nm":"_BG_COUNTDOWN_","refId":"image_3","sr":1,"ks":{"o":{"a":0,"k":100,"ix":11},"r":{"a":0,"k":0,"ix":10},"p":{"a":0,"k":[425,1049,0],"ix":2},"a":{"a":0,"k":[28,16,0],"ix":1},"s":{"a":0,"k":[100,100,100],"ix":6}},"ao":0,"ip":0,"op":149,"st":0,"bm":0},{"ddd":0,"ind":4,"ty":4,"nm":"_BG_SWING_","sr":1,"ks":{"o":{"a":0,"k":100,"ix":11},"r":{"a":0,"k":0,"ix":10},"p":{"a":0,"k":[604.5,1154,0],"ix":2},"a":{"a":0,"k":[229.5,29,0],"ix":1},"s":{"a":0,"k":[100,100,100],"ix":6}},"ao":0,"shapes":[{"ty":"gr","it":[{"d":1,"ty":"el","s":{"a":0,"k":[113,113],"ix":2},"p":{"a":0,"k":[0,0],"ix":3},"nm":"椭圆路径 1","mn":"ADBE Vector Shape - Ellipse","hd":false},{"ty":"fl","c":{"a":0,"k":[0.698039233685,0.698039233685,0.698039233685,1],"ix":4},"o":{"a":0,"k":100,"ix":5},"r":1,"bm":0,"nm":"填充 1","mn":"ADBE Vector Graphic - Fill","hd":false},{"ty":"tr","p":{"a":0,"k":[227.5,31.5],"ix":2},"a":{"a":0,"k":[0,0],"ix":1},"s":{"a":0,"k":[96.49,96.49],"ix":3},"r":{"a":0,"k":0,"ix":6},"o":{"a":0,"k":100,"ix":7},"sk":{"a":0,"k":0,"ix":4},"sa":{"a":0,"k":0,"ix":5},"nm":"变换"}],"nm":"椭圆 1","np":3,"cix":2,"bm":0,"ix":1,"mn":"ADBE Vector Group","hd":false}],"ip":0,"op":149,"st":0,"bm":0},{"ddd":0,"ind":5,"ty":2,"nm":"_ICON_GIFT_","refId":"image_4","sr":1,"ks":{"o":{"a":0,"k":100,"ix":11},"r":{"a":0,"k":0,"ix":10},"p":{"a":0,"k":[225.676,1047.982,0],"ix":2},"a":{"a":0,"k":[14.25,14.297,0],"ix":1},"s":{"a":0,"k":[100,100,100],"ix":6}},"ao":0,"ip":0,"op":169,"st":0,"bm":0},{"ddd":0,"ind":6,"ty":5,"nm":"_AD_TITLE_ 3","sr":1,"ks":{"o":{"a":0,"k":100,"ix":11},"r":{"a":0,"k":0,"ix":10},"p":{"a":0,"k":[463.654,1038.436,0],"ix":2},"a":{"a":0,"k":[0.924,-18.276,0],"ix":1},"s":{"a":0,"k":[100,100,100],"ix":6}},"ao":0,"t":{"d":{"k":[{"s":{"s":22,"f":"STSongti-SC-Regular","t":"后结束","j":0,"tr":62,"lh":26.4,"ls":0,"fc":[1,1,1]},"t":0}]},"p":{},"m":{"g":1,"a":{"a":0,"k":[0,0],"ix":2}},"a":[]},"ip":0,"op":149,"st":0,"bm":0},{"ddd":0,"ind":7,"ty":5,"nm":"_TEXT_TIME_02_","sr":1,"ks":{"o":{"a":0,"k":100,"ix":11},"r":{"a":0,"k":0,"ix":10},"p":{"a":0,"k":[247.901,1038.436,0],"ix":2},"a":{"a":0,"k":[-68.829,-18.276,0],"ix":1},"s":{"a":0,"k":[100,100,100],"ix":6}},"ao":0,"t":{"d":{"k":[{"s":{"s":22,"f":"STSongti-SC-Regular","t":"恭喜获得奖励","j":2,"tr":62,"lh":26.4,"ls":0,"fc":[1,1,1]},"t":0}]},"p":{},"m":{"g":1,"a":{"a":0,"k":[0,0],"ix":2}},"a":[]},"ip":0,"op":149,"st":0,"bm":0},{"ddd":0,"ind":8,"ty":5,"nm":"_AD_DESC_","sr":1,"ks":{"o":{"a":0,"k":100,"ix":11},"r":{"a":0,"k":0,"ix":10},"p":{"a":0,"k":[182.938,1167.863,0],"ix":2},"a":{"a":0,"k":[-159.854,-24.88,0],"ix":1},"s":{"a":0,"k":[100,100,100],"ix":6}},"ao":0,"t":{"d":{"k":[{"s":{"s":32,"f":"STSongti-SC-Bold","t":"“超级福利火热领取中”","j":2,"tr":62,"lh":38.4,"ls":0,"fc":[0.2,0.2,0.2]},"t":0}]},"p":{},"m":{"g":1,"a":{"a":0,"k":[0,0],"ix":2}},"a":[]},"ip":0,"op":149,"st":0,"bm":0},{"ddd":0,"ind":9,"ty":5,"nm":"_AD_TITLE_","sr":1,"ks":{"o":{"a":0,"k":100,"ix":11},"r":{"a":0,"k":0,"ix":10},"p":{"a":0,"k":[186.748,1125.095,0],"ix":2},"a":{"a":0,"k":[-89.316,-16.648,0],"ix":1},"s":{"a":0,"k":[100,100,100],"ix":6}},"ao":0,"t":{"d":{"k":[{"s":{"s":22,"f":"STSongti-SC-Regular","t":"限时获取 名额有限","j":2,"tr":62,"lh":26.4,"ls":0,"fc":[0.6,0.6,0.6]},"t":0}]},"p":{},"m":{"g":1,"a":{"a":0,"k":[0,0],"ix":2}},"a":[]},"ip":0,"op":149,"st":0,"bm":0},{"ddd":0,"ind":10,"ty":2,"nm":"_ICON_HOT_","refId":"image_5","sr":1,"ks":{"o":{"a":0,"k":100,"ix":11},"r":{"a":0,"k":0,"ix":10},"p":{"a":0,"k":[127.229,1154.95,0],"ix":2},"a":{"a":0,"k":[32.178,50.154,0],"ix":1},"s":{"a":0,"k":[100,100,100],"ix":6}},"ao":0,"ip":0,"op":169,"st":0,"bm":0},{"ddd":0,"ind":11,"ty":2,"nm":"_BG_AD_","refId":"image_6","sr":1,"ks":{"o":{"a":0,"k":100,"ix":11},"r":{"a":0,"k":0,"ix":10},"p":{"a":0,"k":[374.557,1157.058,0],"ix":2},"a":{"a":0,"k":[313.807,77.885,0],"ix":1},"s":{"a":0,"k":[100,100,100],"ix":6}},"ao":0,"ip":0,"op":169,"st":0,"bm":0},{"ddd":0,"ind":12,"ty":4,"nm":"_BG_TIME_","sr":1,"ks":{"o":{"a":0,"k":100,"ix":11},"r":{"a":0,"k":0,"ix":10},"p":{"a":0,"k":[61,1110.5,0],"ix":2},"a":{"a":0,"k":[-316,-18.5,0],"ix":1},"s":{"a":0,"k":[99.524,100,100],"ix":6}},"ao":0,"shapes":[{"ty":"gr","it":[{"ty":"rc","d":1,"s":{"a":0,"k":[630,192],"ix":2},"p":{"a":0,"k":[0,0],"ix":3},"r":{"a":0,"k":20,"ix":4},"nm":"矩形路径 1","mn":"ADBE Vector Shape - Rect","hd":false},{"ty":"fl","c":{"a":0,"k":[1,0.227450980392,0.41568627451,1],"ix":4},"o":{"a":0,"k":100,"ix":5},"r":1,"bm":0,"nm":"填充 1","mn":"ADBE Vector Graphic - Fill","hd":false},{"ty":"tr","p":{"a":0,"k":[-1,-18.5],"ix":2},"a":{"a":0,"k":[0,0],"ix":1},"s":{"a":0,"k":[100,100],"ix":3},"r":{"a":0,"k":0,"ix":6},"o":{"a":0,"k":100,"ix":7},"sk":{"a":0,"k":0,"ix":4},"sa":{"a":0,"k":0,"ix":5},"nm":"变换"}],"nm":"矩形 1","np":3,"cix":2,"bm":0,"ix":1,"mn":"ADBE Vector Group","hd":false}],"ip":0,"op":149,"st":0,"bm":0}]}],"fonts":{"list":[{"origin":0,"fPath":"","fClass":"","fFamily":"Songti SC","fWeight":"","fStyle":"Regular","fName":"STSongti-SC-Regular","ascent":82.3985960185528},{"origin":0,"fPath":"","fClass":"","fFamily":"Songti SC","fWeight":"","fStyle":"Bold","fName":"STSongti-SC-Bold","ascent":82.3985960185528},{"origin":0,"fPath":"","fClass":"","fFamily":"Heiti SC","fWeight":"","fStyle":"Medium","fName":"STHeitiSC-Medium","ascent":90.9997556209564},{"origin":0,"fPath":"","fClass":"","fFamily":"SimHei","fWeight":"","fStyle":"Regular","fName":"SimHei","ascent":89.5989987850189}]},"layers":[{"ddd":0,"ind":1,"ty":0,"nm":"滑动手机","refId":"comp_0","sr":1,"ks":{"o":{"a":0,"k":100,"ix":11},"r":{"a":0,"k":0,"ix":10},"p":{"a":0,"k":[375,609.095,0],"ix":2},"a":{"a":0,"k":[130,135,0],"ix":1},"s":{"a":0,"k":[80,80,100],"ix":6}},"ao":0,"w":260,"h":270,"ip":0,"op":25,"st":0,"bm":0},{"ddd":0,"ind":2,"ty":0,"nm":"滑动手机","refId":"comp_0","sr":1,"ks":{"o":{"a":0,"k":100,"ix":11},"r":{"a":0,"k":0,"ix":10},"p":{"a":0,"k":[602.5,1159,0],"ix":2},"a":{"a":0,"k":[130,135,0],"ix":1},"s":{"a":0,"k":[41.725,41.725,100],"ix":6}},"ao":0,"w":260,"h":270,"ip":26,"op":145,"st":25,"bm":0},{"ddd":0,"ind":3,"ty":2,"nm":"_CLICK_02_","refId":"image_1","sr":1,"ks":{"o":{"a":0,"k":1,"ix":11},"r":{"a":0,"k":0,"ix":10},"p":{"a":0,"k":[375,1150.619,0],"ix":2},"a":{"a":0,"k":[332.5,145,0],"ix":1},"s":{"a":0,"k":[100,100,100],"ix":6}},"ao":0,"ip":27,"op":151,"st":0,"bm":0},{"ddd":0,"ind":4,"ty":2,"nm":"_CLICK_01_","refId":"image_2","sr":1,"ks":{"o":{"a":0,"k":1,"ix":11},"r":{"a":0,"k":0,"ix":10},"p":{"a":0,"k":[375,831,0],"ix":2},"a":{"a":0,"k":[107.5,136.5,0],"ix":1},"s":{"a":0,"k":[100,100,100],"ix":6}},"ao":0,"ip":0,"op":27,"st":-87,"bm":0},{"ddd":0,"ind":5,"ty":5,"nm":"_TEXT_ACT_02_","sr":1,"ks":{"o":{"a":1,"k":[{"i":{"x":[0.833],"y":[0.833]},"o":{"x":[0.167],"y":[0.167]},"t":25,"s":[100]},{"t":27,"s":[0]}],"ix":11},"r":{"a":0,"k":0,"ix":10},"p":{"a":0,"k":[375.539,763,0],"ix":2},"a":{"a":0,"k":[0,0,0],"ix":1},"s":{"a":0,"k":[100,100,100],"ix":6}},"ao":0,"t":{"d":{"k":[{"s":{"s":22,"f":"SimHei","t":"跳转至第三方","j":2,"tr":62,"lh":26.4,"ls":0,"fc":[1,1,1]},"t":0}]},"p":{},"m":{"g":1,"a":{"a":0,"k":[0,0],"ix":2}},"a":[]},"ip":-44,"op":121,"st":0,"bm":0},{"ddd":0,"ind":6,"ty":5,"nm":"_TEXT_ACT_01_","sr":1,"ks":{"o":{"a":1,"k":[{"i":{"x":[0.833],"y":[0.833]},"o":{"x":[0.167],"y":[0.167]},"t":25,"s":[100]},{"t":27,"s":[0]}],"ix":11},"r":{"a":0,"k":0,"ix":10},"p":{"a":0,"k":[374.52,727,0],"ix":2},"a":{"a":0,"k":[0,0,0],"ix":1},"s":{"a":0,"k":[100,100,100],"ix":6}},"ao":0,"t":{"d":{"k":[{"s":{"s":32,"f":"SimHei","t":"滑动手机","j":2,"tr":110,"lh":38.4,"ls":0,"fc":[1,1,1]},"t":0}]},"p":{},"m":{"g":1,"a":{"a":0,"k":[0,0],"ix":2}},"a":[]},"ip":0,"op":121,"st":0,"bm":0},{"ddd":0,"ind":7,"ty":0,"nm":"_CARD_","refId":"comp_1","sr":1,"ks":{"o":{"a":1,"k":[{"i":{"x":[0.833],"y":[0.833]},"o":{"x":[0.167],"y":[0.167]},"t":25,"s":[0]},{"t":28,"s":[100]}],"ix":11},"r":{"a":0,"k":0,"ix":10},"p":{"a":0,"k":[375,667,0],"ix":2},"a":{"a":0,"k":[375,667,0],"ix":1},"s":{"a":0,"k":[100,100,100],"ix":6}},"ao":0,"tm":{"a":1,"k":[{"i":{"x":[0.833],"y":[0.833]},"o":{"x":[0.167],"y":[0.167]},"t":0,"s":[0]},{"t":148,"s":[6.167],"h":1}],"ix":2},"w":750,"h":1334,"ip":0,"op":156,"st":0,"bm":0}],"markers":[{"tm":28,"cm":"loopStart","dr":0},{"tm":86,"cm":"loopEnd","dr":0}]}