{"v":"5.6.9","fr":30.0000305175781,"ip":0,"op":150.000152587891,"w":750,"h":1334,"nm":"基础挂件-滑动手机动效","ddd":0,"assets":[{"id":"image_0","w":215,"h":273,"u":"images/","p":"_CLICK_.png","e":0},{"id":"image_1","w":249,"h":249,"u":"images/","p":"_HAND_.png","e":0},{"id":"comp_0","layers":[{"ddd":0,"ind":1,"ty":2,"nm":"_HAND_","refId":"image_1","sr":1,"ks":{"o":{"a":0,"k":100,"ix":11},"r":{"a":1,"k":[{"i":{"x":[0.833],"y":[0.833]},"o":{"x":[0.167],"y":[0.167]},"t":0,"s":[0]},{"i":{"x":[0.833],"y":[0.833]},"o":{"x":[0.167],"y":[0.167]},"t":21.261,"s":[0]},{"i":{"x":[0.833],"y":[0.833]},"o":{"x":[0.167],"y":[0.167]},"t":22.59,"s":[-90]},{"i":{"x":[0.833],"y":[0.833]},"o":{"x":[0.167],"y":[0.167]},"t":46.509,"s":[-90]},{"i":{"x":[0.833],"y":[0.833]},"o":{"x":[0.167],"y":[0.167]},"t":47.838,"s":[-45]},{"i":{"x":[0.833],"y":[0.833]},"o":{"x":[0.167],"y":[0.167]},"t":73.086,"s":[-45]},{"i":{"x":[0.833],"y":[0.833]},"o":{"x":[0.167],"y":[0.167]},"t":74.414,"s":[0]},{"i":{"x":[0.833],"y":[0.833]},"o":{"x":[0.167],"y":[0.167]},"t":95.676,"s":[0]},{"i":{"x":[0.833],"y":[0.833]},"o":{"x":[0.167],"y":[0.167]},"t":97.004,"s":[-90]},{"i":{"x":[0.833],"y":[0.833]},"o":{"x":[0.167],"y":[0.167]},"t":120.923,"s":[-90]},{"i":{"x":[0.833],"y":[0.833]},"o":{"x":[0.167],"y":[0.167]},"t":122.252,"s":[-45]},{"t":147.500150044759,"s":[-45]}],"ix":10},"p":{"a":1,"k":[{"i":{"x":0.833,"y":0.833},"o":{"x":0.167,"y":0.167},"t":0,"s":[138.968,118.586,0],"to":[0,-3.167,0],"ti":[0,0,0]},{"i":{"x":0.833,"y":0.802},"o":{"x":0.167,"y":0.167},"t":11.959,"s":[138.968,99.586,0],"to":[0,0,0],"ti":[0,-4,0]},{"i":{"x":0.833,"y":0.902},"o":{"x":0.167,"y":0.079},"t":21.261,"s":[138.968,118.586,0],"to":[0,4,0],"ti":[4.247,-1.198,0]},{"i":{"x":0.833,"y":0.974},"o":{"x":0.167,"y":0.026},"t":22.59,"s":[138.968,123.586,0],"to":[-4.247,1.198,0],"ti":[8.08,-0.364,0]},{"i":{"x":0.833,"y":0.739},"o":{"x":0.167,"y":0.261},"t":23.918,"s":[113.488,125.771,0],"to":[-8.08,0.364,0],"ti":[0,0,0]},{"i":{"x":0.833,"y":0.768},"o":{"x":0.167,"y":0.232},"t":35.879,"s":[90.488,125.771,0],"to":[0,0,0],"ti":[-5.167,0,0]},{"i":{"x":0.833,"y":0.92},"o":{"x":0.167,"y":0.08},"t":46.509,"s":[113.488,125.771,0],"to":[5.167,0,0],"ti":[-0.969,1.821,0]},{"i":{"x":0.833,"y":0.944},"o":{"x":0.167,"y":0.056},"t":47.838,"s":[121.488,125.771,0],"to":[0.969,-1.821,0],"ti":[4.526,5.15,0]},{"i":{"x":0.833,"y":0.792},"o":{"x":0.167,"y":0.208},"t":49.166,"s":[119.303,114.846,0],"to":[-4.526,-5.15,0],"ti":[0,0,0]},{"i":{"x":0.833,"y":0.833},"o":{"x":0.167,"y":0.167},"t":62.455,"s":[94.331,94.868,0],"to":[0,0,0],"ti":[-7.44,-3.953,0]},{"i":{"x":0.833,"y":0.968},"o":{"x":0.167,"y":0.032},"t":73.086,"s":[119.303,114.846,0],"to":[7.44,3.953,0],"ti":[-3.278,2.543,0]},{"i":{"x":0.833,"y":0.833},"o":{"x":0.167,"y":0.31},"t":74.414,"s":[138.968,118.586,0],"to":[3.278,-2.543,0],"ti":[0,0,0]},{"i":{"x":0.833,"y":0.802},"o":{"x":0.167,"y":0.167},"t":86.373,"s":[138.968,99.586,0],"to":[0,0,0],"ti":[0,-4,0]},{"i":{"x":0.833,"y":0.902},"o":{"x":0.167,"y":0.079},"t":95.676,"s":[138.968,118.586,0],"to":[0,4,0],"ti":[4.247,-1.198,0]},{"i":{"x":0.833,"y":0.974},"o":{"x":0.167,"y":0.026},"t":97.004,"s":[138.968,123.586,0],"to":[-4.247,1.198,0],"ti":[8.08,-0.364,0]},{"i":{"x":0.833,"y":0.739},"o":{"x":0.167,"y":0.261},"t":98.334,"s":[113.488,125.771,0],"to":[-8.08,0.364,0],"ti":[0,0,0]},{"i":{"x":0.833,"y":0.768},"o":{"x":0.167,"y":0.232},"t":110.293,"s":[90.488,125.771,0],"to":[0,0,0],"ti":[-5.167,0,0]},{"i":{"x":0.833,"y":0.92},"o":{"x":0.167,"y":0.08},"t":120.923,"s":[113.488,125.771,0],"to":[5.167,0,0],"ti":[-0.969,1.821,0]},{"i":{"x":0.833,"y":0.944},"o":{"x":0.167,"y":0.056},"t":122.252,"s":[121.488,125.771,0],"to":[0.969,-1.821,0],"ti":[4.526,5.15,0]},{"i":{"x":0.833,"y":0.792},"o":{"x":0.167,"y":0.208},"t":123.582,"s":[119.303,114.846,0],"to":[-4.526,-5.15,0],"ti":[0,0,0]},{"i":{"x":0.833,"y":0.833},"o":{"x":0.167,"y":0.167},"t":136.869,"s":[94.331,94.868,0],"to":[0,0,0],"ti":[-4.162,-3.33,0]},{"t":147.500150044759,"s":[119.303,114.846,0]}],"ix":2},"a":{"a":0,"k":[124.5,124.5,0],"ix":1},"s":{"a":0,"k":[35,35,100],"ix":6}},"ao":0,"ip":0,"op":150.000152587891,"st":0,"bm":0},{"ddd":0,"ind":2,"ty":4,"nm":"箭头","sr":1,"ks":{"o":{"a":0,"k":100,"ix":11},"r":{"a":0,"k":0,"ix":10},"p":{"a":1,"k":[{"i":{"x":0.833,"y":0.833},"o":{"x":0.167,"y":0.167},"t":0,"s":[130.968,133.586,0],"to":[0,-3,0],"ti":[0,0,0]},{"i":{"x":0.833,"y":0.833},"o":{"x":0.167,"y":0.167},"t":11.959,"s":[130.968,115.586,0],"to":[0,0,0],"ti":[0,-3,0]},{"i":{"x":0.833,"y":0.833},"o":{"x":0.167,"y":0.167},"t":19.933,"s":[130.968,133.586,0],"to":[0,0,0],"ti":[0,0,0]},{"i":{"x":0.833,"y":0.833},"o":{"x":0.167,"y":0.167},"t":74.414,"s":[130.968,133.586,0],"to":[0,-3,0],"ti":[0,0,0]},{"i":{"x":0.833,"y":0.833},"o":{"x":0.167,"y":0.167},"t":86.373,"s":[130.968,115.586,0],"to":[0,0,0],"ti":[0,-3,0]},{"t":94.347019802779,"s":[130.968,133.586,0]}],"ix":2},"a":{"a":0,"k":[-4.152,35.215,0],"ix":1},"s":{"a":0,"k":[54,54,100],"ix":6}},"ao":0,"shapes":[{"ty":"gr","it":[{"ind":0,"ty":"sh","ix":1,"ks":{"a":0,"k":{"i":[[0,0],[0,0],[0,0],[0,0],[0,0],[0,0],[0,0]],"o":[[0,0],[0,0],[0,0],[0,0],[0,0],[0,0],[0,0]],"v":[[-0.71,-125.757],[-21.529,-100.039],[-7.638,-100.039],[-7.638,-69.917],[6.877,-69.917],[6.877,-100.091],[19.987,-100.118]],"c":true},"ix":2},"nm":"路径 1","mn":"ADBE Vector Shape - Group","hd":false},{"ty":"fl","c":{"a":0,"k":[1,1,1,1],"ix":4},"o":{"a":0,"k":100,"ix":5},"r":1,"bm":0,"nm":"填充 1","mn":"ADBE Vector Graphic - Fill","hd":false},{"ty":"tr","p":{"a":0,"k":[-4.314,2.897],"ix":2},"a":{"a":0,"k":[0,0],"ix":1},"s":{"a":0,"k":[100,100],"ix":3},"r":{"a":0,"k":0,"ix":6},"o":{"a":0,"k":100,"ix":7},"sk":{"a":0,"k":0,"ix":4},"sa":{"a":0,"k":0,"ix":5},"nm":"变换"}],"nm":"形状 1","np":3,"cix":2,"bm":0,"ix":1,"mn":"ADBE Vector Group","hd":false}],"ip":0,"op":150.000152587891,"st":0,"bm":0},{"ddd":0,"ind":3,"ty":4,"nm":"箭头","sr":1,"ks":{"o":{"a":0,"k":100,"ix":11},"r":{"a":0,"k":-90,"ix":10},"p":{"a":1,"k":[{"i":{"x":0.833,"y":0.833},"o":{"x":0.167,"y":0.167},"t":23.918,"s":[130.968,133.586,0],"to":[-3.5,0,0],"ti":[0,0,0]},{"i":{"x":0.833,"y":0.833},"o":{"x":0.167,"y":0.167},"t":35.879,"s":[109.968,133.586,0],"to":[0,0,0],"ti":[-3.5,0,0]},{"i":{"x":0.833,"y":0.833},"o":{"x":0.167,"y":0.167},"t":45.181,"s":[130.968,133.586,0],"to":[0,0,0],"ti":[0,0,0]},{"i":{"x":0.833,"y":0.833},"o":{"x":0.167,"y":0.167},"t":98.334,"s":[130.968,133.586,0],"to":[-3.5,0,0],"ti":[0,0,0]},{"i":{"x":0.833,"y":0.833},"o":{"x":0.167,"y":0.167},"t":110.293,"s":[109.968,133.586,0],"to":[0,0,0],"ti":[-3.5,0,0]},{"t":119.594848220547,"s":[130.968,133.586,0]}],"ix":2},"a":{"a":0,"k":[-3.595,38.193,0],"ix":1},"s":{"a":0,"k":[54,54,100],"ix":6}},"ao":0,"shapes":[{"ty":"gr","it":[{"ind":0,"ty":"sh","ix":1,"ks":{"a":0,"k":{"i":[[0,0],[0,0],[0,0],[0,0],[0,0],[0,0],[0,0]],"o":[[0,0],[0,0],[0,0],[0,0],[0,0],[0,0],[0,0]],"v":[[-0.71,-125.757],[-21.529,-100.039],[-7.638,-100.039],[-7.638,-69.917],[6.877,-69.917],[6.877,-100.091],[19.987,-100.118]],"c":true},"ix":2},"nm":"路径 1","mn":"ADBE Vector Shape - Group","hd":false},{"ty":"fl","c":{"a":0,"k":[1,1,1,1],"ix":4},"o":{"a":0,"k":100,"ix":5},"r":1,"bm":0,"nm":"填充 1","mn":"ADBE Vector Graphic - Fill","hd":false},{"ty":"tr","p":{"a":0,"k":[-4.314,2.897],"ix":2},"a":{"a":0,"k":[0,0],"ix":1},"s":{"a":0,"k":[100,100],"ix":3},"r":{"a":0,"k":0,"ix":6},"o":{"a":0,"k":100,"ix":7},"sk":{"a":0,"k":0,"ix":4},"sa":{"a":0,"k":0,"ix":5},"nm":"变换"}],"nm":"形状 1","np":3,"cix":2,"bm":0,"ix":1,"mn":"ADBE Vector Group","hd":false}],"ip":0,"op":150.000152587891,"st":0,"bm":0},{"ddd":0,"ind":4,"ty":4,"nm":"箭头","sr":1,"ks":{"o":{"a":0,"k":100,"ix":11},"r":{"a":0,"k":-45,"ix":10},"p":{"a":1,"k":[{"i":{"x":0.833,"y":0.833},"o":{"x":0.167,"y":0.167},"t":49.166,"s":[130.968,133.586,0],"to":[-4.162,-3.33,0],"ti":[0,0,0]},{"i":{"x":0.833,"y":0.833},"o":{"x":0.167,"y":0.167},"t":62.455,"s":[105.997,113.609,0],"to":[0,0,0],"ti":[-4.162,-3.33,0]},{"i":{"x":0.833,"y":0.833},"o":{"x":0.167,"y":0.167},"t":73.086,"s":[130.968,133.586,0],"to":[0,0,0],"ti":[0,0,0]},{"i":{"x":0.833,"y":0.833},"o":{"x":0.167,"y":0.167},"t":123.582,"s":[130.968,133.586,0],"to":[-4.162,-3.33,0],"ti":[0,0,0]},{"i":{"x":0.833,"y":0.833},"o":{"x":0.167,"y":0.167},"t":136.869,"s":[105.997,113.609,0],"to":[0,0,0],"ti":[-4.162,-3.33,0]},{"t":147.500150044759,"s":[130.968,133.586,0]}],"ix":2},"a":{"a":0,"k":[-3.257,41.589,0],"ix":1},"s":{"a":0,"k":[54,54,100],"ix":6}},"ao":0,"shapes":[{"ty":"gr","it":[{"ind":0,"ty":"sh","ix":1,"ks":{"a":0,"k":{"i":[[0,0],[0,0],[0,0],[0,0],[0,0],[0,0],[0,0]],"o":[[0,0],[0,0],[0,0],[0,0],[0,0],[0,0],[0,0]],"v":[[-0.71,-125.757],[-21.529,-100.039],[-7.638,-100.039],[-7.638,-69.917],[6.877,-69.917],[6.877,-100.091],[19.987,-100.118]],"c":true},"ix":2},"nm":"路径 1","mn":"ADBE Vector Shape - Group","hd":false},{"ty":"fl","c":{"a":0,"k":[1,1,1,1],"ix":4},"o":{"a":0,"k":100,"ix":5},"r":1,"bm":0,"nm":"填充 1","mn":"ADBE Vector Graphic - Fill","hd":false},{"ty":"tr","p":{"a":0,"k":[-4.314,2.897],"ix":2},"a":{"a":0,"k":[0,0],"ix":1},"s":{"a":0,"k":[100,100],"ix":3},"r":{"a":0,"k":0,"ix":6},"o":{"a":0,"k":100,"ix":7},"sk":{"a":0,"k":0,"ix":4},"sa":{"a":0,"k":0,"ix":5},"nm":"变换"}],"nm":"形状 1","np":3,"cix":2,"bm":0,"ix":1,"mn":"ADBE Vector Group","hd":false}],"ip":0,"op":150.000152587891,"st":0,"bm":0},{"ddd":0,"ind":5,"ty":4,"nm":"箭头","sr":1,"ks":{"o":{"a":0,"k":100,"ix":11},"r":{"a":0,"k":-135,"ix":10},"p":{"a":0,"k":[130.968,133.586,0],"ix":2},"a":{"a":0,"k":[-4.969,44.088,0],"ix":1},"s":{"a":0,"k":[54,54,100],"ix":6}},"ao":0,"shapes":[{"ty":"gr","it":[{"ind":0,"ty":"sh","ix":1,"ks":{"a":0,"k":{"i":[[0,0],[0,0],[0,0],[0,0],[0,0],[0,0],[0,0]],"o":[[0,0],[0,0],[0,0],[0,0],[0,0],[0,0],[0,0]],"v":[[-0.71,-125.757],[-21.529,-100.039],[-7.638,-100.039],[-7.638,-69.917],[6.877,-69.917],[6.877,-100.091],[19.987,-100.118]],"c":true},"ix":2},"nm":"路径 1","mn":"ADBE Vector Shape - Group","hd":false},{"ty":"fl","c":{"a":0,"k":[1,1,1,1],"ix":4},"o":{"a":0,"k":100,"ix":5},"r":1,"bm":0,"nm":"填充 1","mn":"ADBE Vector Graphic - Fill","hd":false},{"ty":"tr","p":{"a":0,"k":[-4.314,2.897],"ix":2},"a":{"a":0,"k":[0,0],"ix":1},"s":{"a":0,"k":[100,100],"ix":3},"r":{"a":0,"k":0,"ix":6},"o":{"a":0,"k":100,"ix":7},"sk":{"a":0,"k":0,"ix":4},"sa":{"a":0,"k":0,"ix":5},"nm":"变换"}],"nm":"形状 1","np":3,"cix":2,"bm":0,"ix":1,"mn":"ADBE Vector Group","hd":false}],"ip":0,"op":150.000152587891,"st":0,"bm":0},{"ddd":0,"ind":6,"ty":4,"nm":"箭头","sr":1,"ks":{"o":{"a":0,"k":100,"ix":11},"r":{"a":0,"k":180,"ix":10},"p":{"a":0,"k":[130.968,133.586,0],"ix":2},"a":{"a":0,"k":[-6.573,38.75,0],"ix":1},"s":{"a":0,"k":[54,54,100],"ix":6}},"ao":0,"shapes":[{"ty":"gr","it":[{"ind":0,"ty":"sh","ix":1,"ks":{"a":0,"k":{"i":[[0,0],[0,0],[0,0],[0,0],[0,0],[0,0],[0,0]],"o":[[0,0],[0,0],[0,0],[0,0],[0,0],[0,0],[0,0]],"v":[[-0.71,-125.757],[-21.529,-100.039],[-7.638,-100.039],[-7.638,-69.917],[6.877,-69.917],[6.877,-100.091],[19.987,-100.118]],"c":true},"ix":2},"nm":"路径 1","mn":"ADBE Vector Shape - Group","hd":false},{"ty":"fl","c":{"a":0,"k":[1,1,1,1],"ix":4},"o":{"a":0,"k":100,"ix":5},"r":1,"bm":0,"nm":"填充 1","mn":"ADBE Vector Graphic - Fill","hd":false},{"ty":"tr","p":{"a":0,"k":[-4.314,2.897],"ix":2},"a":{"a":0,"k":[0,0],"ix":1},"s":{"a":0,"k":[100,100],"ix":3},"r":{"a":0,"k":0,"ix":6},"o":{"a":0,"k":100,"ix":7},"sk":{"a":0,"k":0,"ix":4},"sa":{"a":0,"k":0,"ix":5},"nm":"变换"}],"nm":"形状 1","np":3,"cix":2,"bm":0,"ix":1,"mn":"ADBE Vector Group","hd":false}],"ip":0,"op":150.000152587891,"st":0,"bm":0},{"ddd":0,"ind":7,"ty":4,"nm":"箭头","sr":1,"ks":{"o":{"a":0,"k":100,"ix":11},"r":{"a":0,"k":45,"ix":10},"p":{"a":0,"k":[130.968,133.586,0],"ix":2},"a":{"a":0,"k":[-5.757,39.877,0],"ix":1},"s":{"a":0,"k":[54,54,100],"ix":6}},"ao":0,"shapes":[{"ty":"gr","it":[{"ind":0,"ty":"sh","ix":1,"ks":{"a":0,"k":{"i":[[0,0],[0,0],[0,0],[0,0],[0,0],[0,0],[0,0]],"o":[[0,0],[0,0],[0,0],[0,0],[0,0],[0,0],[0,0]],"v":[[-0.71,-125.757],[-21.529,-100.039],[-7.638,-100.039],[-7.638,-69.917],[6.877,-69.917],[6.877,-100.091],[19.987,-100.118]],"c":true},"ix":2},"nm":"路径 1","mn":"ADBE Vector Shape - Group","hd":false},{"ty":"fl","c":{"a":0,"k":[1,1,1,1],"ix":4},"o":{"a":0,"k":100,"ix":5},"r":1,"bm":0,"nm":"填充 1","mn":"ADBE Vector Graphic - Fill","hd":false},{"ty":"tr","p":{"a":0,"k":[-4.314,2.897],"ix":2},"a":{"a":0,"k":[0,0],"ix":1},"s":{"a":0,"k":[100,100],"ix":3},"r":{"a":0,"k":0,"ix":6},"o":{"a":0,"k":100,"ix":7},"sk":{"a":0,"k":0,"ix":4},"sa":{"a":0,"k":0,"ix":5},"nm":"变换"}],"nm":"形状 1","np":3,"cix":2,"bm":0,"ix":1,"mn":"ADBE Vector Group","hd":false}],"ip":0,"op":150.000152587891,"st":0,"bm":0},{"ddd":0,"ind":8,"ty":4,"nm":"箭头","sr":1,"ks":{"o":{"a":0,"k":100,"ix":11},"r":{"a":0,"k":135,"ix":10},"p":{"a":0,"k":[130.968,133.586,0],"ix":2},"a":{"a":0,"k":[-7.469,42.376,0],"ix":1},"s":{"a":0,"k":[54,54,100],"ix":6}},"ao":0,"shapes":[{"ty":"gr","it":[{"ind":0,"ty":"sh","ix":1,"ks":{"a":0,"k":{"i":[[0,0],[0,0],[0,0],[0,0],[0,0],[0,0],[0,0]],"o":[[0,0],[0,0],[0,0],[0,0],[0,0],[0,0],[0,0]],"v":[[-0.71,-125.757],[-21.529,-100.039],[-7.638,-100.039],[-7.638,-69.917],[6.877,-69.917],[6.877,-100.091],[19.987,-100.118]],"c":true},"ix":2},"nm":"路径 1","mn":"ADBE Vector Shape - Group","hd":false},{"ty":"fl","c":{"a":0,"k":[1,1,1,1],"ix":4},"o":{"a":0,"k":100,"ix":5},"r":1,"bm":0,"nm":"填充 1","mn":"ADBE Vector Graphic - Fill","hd":false},{"ty":"tr","p":{"a":0,"k":[-4.314,2.897],"ix":2},"a":{"a":0,"k":[0,0],"ix":1},"s":{"a":0,"k":[100,100],"ix":3},"r":{"a":0,"k":0,"ix":6},"o":{"a":0,"k":100,"ix":7},"sk":{"a":0,"k":0,"ix":4},"sa":{"a":0,"k":0,"ix":5},"nm":"变换"}],"nm":"形状 1","np":3,"cix":2,"bm":0,"ix":1,"mn":"ADBE Vector Group","hd":false}],"ip":0,"op":150.000152587891,"st":0,"bm":0},{"ddd":0,"ind":9,"ty":4,"nm":"箭头","sr":1,"ks":{"o":{"a":0,"k":100,"ix":11},"r":{"a":0,"k":90,"ix":10},"p":{"a":0,"k":[130.968,133.586,0],"ix":2},"a":{"a":0,"k":[-7.13,35.772,0],"ix":1},"s":{"a":0,"k":[54,54,100],"ix":6}},"ao":0,"shapes":[{"ty":"gr","it":[{"ind":0,"ty":"sh","ix":1,"ks":{"a":0,"k":{"i":[[0,0],[0,0],[0,0],[0,0],[0,0],[0,0],[0,0]],"o":[[0,0],[0,0],[0,0],[0,0],[0,0],[0,0],[0,0]],"v":[[-0.71,-125.757],[-21.529,-100.039],[-7.638,-100.039],[-7.638,-69.917],[6.877,-69.917],[6.877,-100.091],[19.987,-100.118]],"c":true},"ix":2},"nm":"路径 1","mn":"ADBE Vector Shape - Group","hd":false},{"ty":"fl","c":{"a":0,"k":[1,1,1,1],"ix":4},"o":{"a":0,"k":100,"ix":5},"r":1,"bm":0,"nm":"填充 1","mn":"ADBE Vector Graphic - Fill","hd":false},{"ty":"tr","p":{"a":0,"k":[-4.314,2.897],"ix":2},"a":{"a":0,"k":[0,0],"ix":1},"s":{"a":0,"k":[100,100],"ix":3},"r":{"a":0,"k":0,"ix":6},"o":{"a":0,"k":100,"ix":7},"sk":{"a":0,"k":0,"ix":4},"sa":{"a":0,"k":0,"ix":5},"nm":"变换"}],"nm":"形状 1","np":3,"cix":2,"bm":0,"ix":1,"mn":"ADBE Vector Group","hd":false}],"ip":0,"op":150.000152587891,"st":0,"bm":0}]}],"fonts":{"list":[{"fName":"SimHei","fFamily":"SimHei","fStyle":"Regular","ascent":73.5989987850189}]},"layers":[{"ddd":0,"ind":1,"ty":2,"nm":"_CLICK_","refId":"image_0","sr":1,"ks":{"o":{"a":0,"k":1,"ix":11},"r":{"a":0,"k":0,"ix":10},"p":{"a":0,"k":[375,1130.808,0],"ix":2},"a":{"a":0,"k":[107.5,136.5,0],"ix":1},"s":{"a":0,"k":[100,100,100],"ix":6}},"ao":0,"ip":0,"op":150.000152587891,"st":-108.750110626221,"bm":0},{"ddd":0,"ind":2,"ty":0,"nm":"滑动手机","refId":"comp_0","sr":1,"ks":{"o":{"a":0,"k":100,"ix":11},"r":{"a":0,"k":0,"ix":10},"p":{"a":0,"k":[375,1093,0],"ix":2},"a":{"a":0,"k":[130,135,0],"ix":1},"s":{"a":0,"k":[89.841,89.841,100],"ix":6}},"ao":0,"w":260,"h":270,"ip":0,"op":150.000152587891,"st":0,"bm":0},{"ddd":0,"ind":3,"ty":5,"nm":"_TEXT_ACT_01_","sr":1,"ks":{"o":{"a":0,"k":100,"ix":11},"r":{"a":0,"k":0,"ix":10},"p":{"a":0,"k":[373.945,1221.837,0],"ix":2},"a":{"a":0,"k":[0,0,0],"ix":1},"s":{"a":0,"k":[100,100,100],"ix":6}},"ao":0,"t":{"d":{"k":[{"s":{"s":32,"f":"SimHei","t":"滑动手机","j":2,"tr":62,"lh":38.4,"ls":0,"fc":[1,1,1]},"t":0}]},"p":{},"m":{"g":1,"a":{"a":0,"k":[0,0],"ix":2}},"a":[]},"ip":0,"op":150.000152587891,"st":0,"bm":0},{"ddd":0,"ind":4,"ty":5,"nm":"_TEXT_ACT_02_","sr":1,"ks":{"o":{"a":0,"k":100,"ix":11},"r":{"a":0,"k":0,"ix":10},"p":{"a":0,"k":[374.662,1257.837,0],"ix":2},"a":{"a":0,"k":[0,0,0],"ix":1},"s":{"a":0,"k":[100,100,100],"ix":6}},"ao":0,"t":{"d":{"k":[{"s":{"s":22,"f":"SimHei","t":"跳转至第三方","j":2,"tr":62,"lh":26.4,"ls":0,"fc":[1,1,1]},"t":0}]},"p":{},"m":{"g":1,"a":{"a":0,"k":[0,0],"ix":2}},"a":[]},"ip":0,"op":150.000152587891,"st":0,"bm":0}],"markers":[{"tm":0,"cm":"loopStart","dr":0},{"tm":95.0000966389974,"cm":"loopEnd","dr":0}],"chars":[{"ch":"跳","size":22,"style":"Regular","w":100,"data":{"shapes":[{"ty":"gr","it":[{"ind":0,"ty":"sh","ix":1,"ks":{"a":0,"k":{"i":[[0,0],[0,0],[0,0],[0,0]],"o":[[0,0],[0,0],[0,0],[0,0]],"v":[[31,-53.3],[15.8,-53.3],[15.8,-71.4],[31,-71.4]],"c":true},"ix":2},"nm":"跳","mn":"ADBE Vector Shape - Group","hd":false},{"ind":1,"ty":"sh","ix":2,"ks":{"a":0,"k":{"i":[[0.966,0.634],[1.133,1.134],[2.233,-3.266],[2.333,-2.6],[-0.934,-0.533],[-0.8,-0.866],[-2.067,2.634],[-0.934,0.334],[0.1,0.567],[0.733,0.134]],"o":[[-0.967,-0.633],[-1.267,3.4],[-2.234,3.267],[1.133,0.467],[0.933,0.534],[3.266,-5.133],[2.066,-2.633],[0.933,-0.333],[-0.1,-0.566],[-1,-0.2]],"v":[[90.85,-64.45],[87.7,-67.1],[82.45,-57.1],[75.6,-48.3],[78.7,-46.8],[81.3,-44.7],[89.3,-56.35],[93.8,-60.8],[95.05,-62.15],[93.8,-63.2]],"c":true},"ix":2},"nm":"跳","mn":"ADBE Vector Shape - Group","hd":false},{"ind":2,"ty":"sh","ix":3,"ks":{"a":0,"k":{"i":[[0,0],[0.766,1.267],[0.866,1.267],[0.966,1.3],[1.266,1.6],[0,0],[-0.934,-1.166],[-0.767,-1.2],[-0.734,-1.333],[-0.867,-1.733]],"o":[[-0.867,-1.466],[-0.767,-1.266],[-0.867,-1.266],[-0.967,-1.3],[0,0],[1.266,1.467],[0.933,1.167],[0.766,1.2],[0.733,1.334],[0,0]],"v":[[53.7,-48.1],[51.25,-52.2],[48.8,-56],[46.05,-59.85],[42.7,-64.2],[38.3,-60.8],[41.6,-56.85],[44.15,-53.3],[46.4,-49.5],[48.8,-44.9]],"c":true},"ix":2},"nm":"跳","mn":"ADBE Vector Shape - Group","hd":false},{"ind":3,"ty":"sh","ix":4,"ks":{"a":0,"k":{"i":[[0,0],[-1.434,-0.933],[-1.267,-0.966],[-1.234,-1],[-1.467,-1.266],[0,0],[3.3,1.9],[4.4,2.2],[0,0],[-0.8,0.6],[0.066,0.567],[0.866,-0.066],[1.033,0.034],[1.533,0.2],[-0.1,-1.266],[0,-2],[0,0],[-0.4,-1.666],[-1.1,-0.967],[-2,-0.334],[-3.2,0],[-1.467,0.266],[-1.1,0.833],[-0.734,1.6],[-0.6,2.667],[1.033,0.534],[1.2,1],[0.233,-1.3],[0.533,-0.666],[0.933,-0.167],[1.533,0],[1.2,0.266],[0.633,0.667],[0.166,1.167],[0,1.8]],"o":[[1.866,1.2],[1.433,0.934],[1.266,0.967],[1.233,1],[0,0],[-3.267,-2.133],[-3.3,-1.9],[0,0],[0,-2.866],[0.733,-0.533],[-0.067,-0.566],[-1.334,0.067],[-1.034,-0.033],[0.333,1.334],[0.1,1.267],[0,0],[0,2.667],[0.4,1.666],[1.1,0.966],[2,0.333],[2.066,0],[1.466,-0.267],[1.1,-0.834],[0.733,-1.6],[-1.2,-0.066],[-1.034,-0.533],[-0.134,2.267],[-0.234,1.3],[-0.534,0.667],[-0.934,0.166],[-2.067,0],[-1.2,-0.267],[-0.634,-0.666],[-0.167,-1.166],[0,0]],"v":[[74,-31.6],[78.95,-28.4],[83,-25.55],[86.75,-22.6],[90.8,-19.2],[95.4,-24.4],[85.55,-30.45],[74,-36.6],[74,-71.6],[75.2,-76.8],[76.2,-78.45],[74.8,-79.2],[71.25,-79.15],[67.4,-79.5],[68.05,-75.6],[68.2,-70.7],[68.2,-6.6],[68.8,-0.1],[71.05,3.85],[75.7,5.8],[83.5,6.3],[88.8,5.9],[92.65,4.25],[95.4,0.6],[97.4,-5.8],[94.05,-6.7],[90.7,-9],[90.15,-3.65],[89,-0.7],[86.8,0.55],[83.1,0.8],[78.2,0.4],[75.45,-1],[74.25,-3.75],[74,-8.2]],"c":true},"ix":2},"nm":"跳","mn":"ADBE Vector Shape - Group","hd":false},{"ind":4,"ty":"sh","ix":5,"ks":{"a":0,"k":{"i":[[1.366,-0.933],[1.566,-0.833],[1.833,-0.833],[2.266,-0.866],[-0.634,-0.766],[-0.534,-1.266],[-1.234,0.934],[-1.134,0.8],[-1.1,0.767],[-1.267,0.8],[0.766,-3.5],[1.6,-2.5],[2.633,-1.866],[4,-2],[-0.934,-0.867],[-0.867,-1.4],[-2.167,1.966],[-1.567,2.067],[-0.967,2.434],[-0.534,3.334],[-0.2,4.567],[0,6.267],[-0.034,3.567],[-0.1,1.967],[-0.167,0.767],[-0.334,0.4],[0.2,0.6],[0.933,0],[1.266,0.167],[1.333,0.467],[-0.2,-1.966],[-0.134,-2.9],[-0.1,-3.666],[0,-4.133],[0.033,-1.7],[0.066,-1.533]],"o":[[-1.367,0.934],[-1.567,0.834],[-1.834,0.834],[1.4,1.134],[0.633,0.767],[1.6,-1.2],[1.233,-0.933],[1.133,-0.8],[1.1,-0.766],[-0.334,5.267],[-0.767,3.5],[-1.6,2.5],[-2.634,1.866],[1.933,0.466],[0.933,0.866],[2.933,-2.4],[2.166,-1.967],[1.566,-2.066],[0.966,-2.433],[0.533,-3.333],[0.2,-4.566],[0,-6],[0.033,-3.566],[0.1,-1.966],[0.166,-0.766],[0.733,-1],[-0.2,-0.6],[-1.334,0.067],[-1.267,-0.166],[0.133,0.667],[0.2,1.967],[0.133,2.9],[0.1,3.667],[0,1.934],[-0.034,1.7],[-1.334,1]],"v":[[50.85,-32.7],[46.45,-30.05],[41.35,-27.55],[35.2,-25],[38.25,-22.15],[40,-19.1],[44.25,-22.3],[47.8,-24.9],[51.15,-27.25],[54.7,-29.6],[53.05,-16.45],[49.5,-7.45],[43.15,-0.9],[33.2,4.9],[37.5,6.9],[40.2,10.3],[47.85,3.75],[53.45,-2.3],[57.25,-9.05],[59.5,-17.7],[60.6,-29.55],[60.9,-45.8],[60.95,-60.15],[61.15,-68.45],[61.55,-72.55],[62.3,-74.3],[63.1,-76.7],[61.4,-77.6],[57.5,-77.75],[53.6,-78.7],[54.1,-74.75],[54.6,-67.45],[54.95,-57.6],[55.1,-45.9],[55.05,-40.45],[54.9,-35.6]],"c":true},"ix":2},"nm":"跳","mn":"ADBE Vector Shape - Group","hd":false},{"ind":5,"ty":"sh","ix":6,"ks":{"a":0,"k":{"i":[[0,0],[-1.6,-0.066],[-1.134,-0.066],[0.1,2.634],[0,2.6],[0,1.134],[-0.067,1.034],[-0.067,1.034],[-0.134,1.334],[2.266,-0.133],[3,0],[2.466,0.134],[1.533,0.2],[-0.134,-2.5],[0,-2.533],[0.1,-2.066],[0.266,-2.133],[-2.1,0.067],[-2.534,0],[0,0],[1,-0.333],[1.133,-0.333],[0,0],[-0.234,0.667],[-0.4,0.334],[0.133,0.434],[0.666,0],[0.966,0.067],[1.4,0.2],[-0.134,-1.9],[0,-2.8],[0,0],[1.266,-0.266],[1.333,-0.266],[-0.4,-1.067],[-0.267,-1.534],[-5.934,2.5],[-7.8,3.267],[0.3,0.867],[0.133,1.2],[0,0],[0,0],[-1.167,0],[-0.9,-0.033],[-0.734,-0.1],[-0.734,-0.133],[0,0],[2,-0.1],[3,0]],"o":[[2.066,0.067],[1.6,0.067],[-0.134,-1.933],[-0.1,-2.633],[0,-1.533],[0,-1.133],[0.066,-1.033],[0.066,-1.033],[-1.534,0.2],[-2.267,0.134],[-3,0],[-2.467,-0.133],[0.2,1.734],[0.133,2.5],[0,3.534],[-0.1,2.067],[1.466,-0.133],[2.1,-0.066],[0,0],[-0.867,0.334],[-1,0.334],[0,0],[0,-0.533],[0.233,-0.666],[0.466,-0.333],[-0.134,-0.433],[-1.334,0.067],[-0.967,-0.066],[0.266,1.267],[0.133,1.9],[0,0],[-1.2,0.334],[-1.267,0.267],[0.866,1.334],[0.4,1.066],[4.4,-1.867],[5.933,-2.5],[-0.734,-1],[-0.3,-0.866],[0,0],[0,0],[1.6,-0.066],[1.166,0],[0.9,0.034],[0.733,0.1],[0,0],[-0.934,0.134],[-2,0.1],[0,0]],"v":[[27.6,-48.6],[33.1,-48.4],[37.2,-48.2],[36.85,-55.05],[36.7,-62.9],[36.7,-66.9],[36.8,-70.15],[37,-73.25],[37.3,-76.8],[31.6,-76.3],[23.7,-76.1],[15.5,-76.3],[9.5,-76.8],[10,-70.45],[10.2,-62.9],[10.05,-54.5],[9.5,-48.2],[14.85,-48.5],[21.8,-48.6],[21.8,-7.3],[19,-6.3],[15.8,-5.3],[15.8,-32.8],[16.15,-34.6],[17.1,-36.1],[17.6,-37.25],[16.4,-37.9],[12.95,-37.9],[9.4,-38.3],[10,-33.55],[10.2,-26.5],[10.2,-3.8],[6.5,-2.9],[2.6,-2.1],[4.5,1.5],[5.5,5.4],[21,-1.15],[41.6,-9.8],[40.05,-12.6],[39.4,-15.7],[27.6,-9.9],[27.6,-31.5],[31.75,-31.6],[34.85,-31.55],[37.3,-31.35],[39.5,-31],[39.5,-36.7],[35.1,-36.35],[27.6,-36.2]],"c":true},"ix":2},"nm":"跳","mn":"ADBE Vector Shape - Group","hd":false}],"nm":"跳","np":9,"cix":2,"bm":0,"ix":1,"mn":"ADBE Vector Group","hd":false}]},"fFamily":"SimHei"},{"ch":"转","size":22,"style":"Regular","w":100,"data":{"shapes":[{"ty":"gr","it":[{"ind":0,"ty":"sh","ix":1,"ks":{"a":0,"k":{"i":[[1.033,-2.866],[1,-1.833],[0.933,-1.033],[1,-0.4],[-0.4,-1],[-0.134,-1.533],[-0.934,0.234],[-1.367,0.167],[-1.834,0.1],[-2.6,0],[0,0],[3.433,-0.633],[3.266,-0.4],[-0.367,-1.3],[-0.067,-1.333],[-3.2,1.034],[-3.467,0.934],[0.1,-3.833],[0.333,-3.6],[0,0],[0.1,4],[0,5.067],[-2.2,0.5],[-1.6,0.334],[-0.2,2.067],[2.1,-0.633],[2.333,-0.6],[0,0],[-2,-0.166],[-1.334,-0.266],[0,0],[6.266,-0.066],[0,0],[-0.2,0.634],[-0.467,0.267],[0.166,0.6],[0.6,-0.066],[2.466,0.534],[-0.1,-2.766],[0,-4.866],[0,0],[0,0],[-2.067,-0.033],[-1.567,-0.066],[-1.167,-0.1],[-0.934,-0.133],[0,0],[1.033,-0.1],[1.4,-0.066],[1.866,-0.033],[2.6,0],[-0.767,1.467],[-0.934,0.334],[0.133,0.7],[1.066,0.134],[1.133,0.3],[1.8,0.734],[0.466,-2.266],[0.6,-2.333],[1.966,0.1],[1.533,0.267],[0,0],[-1.8,0.1],[-3,0]],"o":[[-1.034,2.867],[-1,1.834],[-0.934,1.034],[0.866,1.134],[0.4,1],[0.666,-0.333],[0.933,-0.233],[1.366,-0.166],[1.833,-0.1],[0,0],[-3.4,0.8],[-3.434,0.634],[0.533,1.067],[0.366,1.3],[2.333,-0.8],[3.2,-1.033],[0,4.334],[-0.1,3.833],[0,0],[-0.334,-3.534],[-0.1,-4],[2.533,-0.666],[2.2,-0.5],[-0.467,-2.066],[-1.734,0.667],[-2.1,0.634],[0,0],[3.4,0.067],[2,0.167],[0,0],[-2.467,0.6],[0,0],[0,-0.8],[0.2,-0.633],[0.733,-0.466],[-0.167,-0.6],[-2.467,0.2],[0.333,1.134],[0.1,2.767],[0,0],[0,0],[2.733,0],[2.066,0.034],[1.566,0.067],[1.166,0.1],[0,0],[-0.934,0.134],[-1.034,0.1],[-1.4,0.067],[-1.867,0.034],[1,-2.866],[0.766,-1.466],[0.933,-0.333],[-0.134,-0.7],[-1.2,-0.133],[-1.134,-0.3],[-0.2,2.6],[-0.467,2.267],[-3.4,-0.066],[-1.967,-0.1],[0,0],[1.333,-0.266],[1.8,-0.1],[-1.2,4.134]],"v":[[13.65,-53.2],[10.6,-46.15],[7.7,-41.85],[4.8,-39.7],[6.7,-36.5],[7.5,-32.7],[9.9,-33.55],[13.35,-34.15],[18.15,-34.55],[24.8,-34.7],[24.8,-20.3],[14.55,-18.15],[4.5,-16.6],[5.85,-13.05],[6.5,-9.1],[14.8,-11.85],[24.8,-14.8],[24.65,-2.55],[24,8.6],[31.2,8.6],[30.55,-2.7],[30.4,-16.3],[37.5,-18.05],[43.2,-19.3],[42.8,-25.5],[37.05,-23.55],[30.4,-21.7],[30.4,-34.7],[38.5,-34.35],[43.5,-33.7],[43.5,-40.5],[30.4,-39.5],[30.4,-50.4],[30.7,-52.55],[31.7,-53.9],[32.55,-55.5],[31.4,-56.3],[24,-56.8],[24.65,-50.95],[24.8,-39.5],[14.2,-39.5],[22.6,-63.8],[29.8,-63.75],[35.25,-63.6],[39.35,-63.35],[42.5,-63],[42.5,-69.4],[39.55,-69.05],[35.9,-68.8],[31,-68.65],[24.3,-68.6],[26.95,-75.1],[29.5,-77.8],[30.7,-79.35],[28.9,-80.6],[25.4,-81.25],[21,-82.8],[20,-75.5],[18.4,-68.6],[10.35,-68.85],[5.1,-69.4],[5.1,-63],[9.8,-63.55],[17,-63.7]],"c":true},"ix":2},"nm":"转","mn":"ADBE Vector Shape - Group","hd":false},{"ind":1,"ty":"sh","ix":2,"ks":{"a":0,"k":{"i":[[1.266,-5.066],[2.966,0.1],[1.6,0.2],[0,0],[-2.667,0.067],[-3.2,0.067],[1.133,-2.7],[1.266,-2],[0,0],[0,0],[1.733,1.1],[1.8,1.134],[0,0],[-4.4,-3],[-4.067,-3.867],[0,0],[1.966,1.366],[1.933,1.334],[-2.367,2.6],[-1.5,1.5],[-0.9,0.6],[-0.667,0.134],[0,0],[1.266,-0.066],[1.6,-0.1],[1.8,-0.033],[1.866,0],[0,0],[-0.634,2.167],[-0.534,1.934],[0,0],[-3.567,-0.066],[-1.934,-0.266],[0,0],[3.566,-0.066],[4,0],[0,0],[-0.534,2.3],[-0.467,1.8],[-3.767,-0.133],[-2.667,-0.266],[0,0],[3.533,-0.1],[4.666,-0.066],[-0.367,1.334],[-0.3,0.734],[-0.234,0.3],[-0.267,0.2],[0.133,0.767],[1.066,0],[1.2,0.267],[1.333,0.4],[0.333,-2.5],[0.533,-3],[1.366,0.067],[1.2,0.067],[1.133,0.067],[1.266,0.134],[0,0],[-1.1,0.1],[-1.134,0.067],[-1.3,0.067],[-1.667,0]],"o":[[-3.4,0],[-2.967,-0.1],[0,0],[1.533,-0.2],[2.666,-0.066],[-1.267,4.334],[-1.134,2.7],[0,0],[0,0],[-1.734,-1.133],[-1.734,-1.1],[0,0],[4.866,2.8],[4.4,3],[0,0],[-2,-1.534],[-1.967,-1.366],[3.533,-4.066],[2.366,-2.6],[1.5,-1.5],[0.9,-0.6],[0,0],[-0.8,0.134],[-1.267,0.067],[-1.6,0.1],[-1.8,0.034],[0,0],[0.733,-2.333],[0.633,-2.166],[0,0],[4,0],[3.566,0.067],[0,0],[-1.934,0.267],[-3.567,0.067],[0,0],[0.733,-2.8],[0.533,-2.3],[4.866,0],[3.766,0.134],[0,0],[-2.6,0.267],[-3.534,0.1],[0.6,-2.2],[0.366,-1.333],[0.3,-0.733],[0.233,-0.3],[1.133,-0.733],[-0.134,-0.766],[-1.4,0],[-1.2,-0.266],[-0.134,2.334],[-0.334,2.5],[-1.8,0],[-1.367,-0.066],[-1.2,-0.066],[-1.134,-0.066],[0,0],[1.2,-0.066],[1.1,-0.1],[1.133,-0.066],[1.3,-0.066],[-0.934,4.134]],"v":[[58.5,-46.8],[48.95,-46.95],[42.1,-47.4],[42.1,-41.5],[48.4,-41.9],[57.2,-42.1],[53.6,-31.55],[50,-24.5],[81.3,-24.5],[65.7,-7],[60.5,-10.35],[55.2,-13.7],[50.9,-8.9],[64.8,-0.2],[77.5,10.1],[82.4,4.8],[76.45,0.45],[70.6,-3.6],[79.45,-13.6],[85.25,-19.75],[88.85,-22.9],[91.2,-24],[91.2,-30],[88.1,-29.7],[83.8,-29.45],[78.7,-29.25],[73.2,-29.2],[59.1,-29.2],[61.15,-35.95],[62.9,-42.1],[75.8,-42.1],[87.15,-42],[95.4,-41.5],[95.4,-47.4],[87.15,-46.9],[75.8,-46.8],[64.1,-46.8],[66,-54.45],[67.5,-60.6],[80.45,-60.4],[90.1,-59.8],[90.1,-65.8],[80.9,-65.25],[68.6,-65],[70.05,-70.3],[71.05,-73.4],[71.85,-74.95],[72.6,-75.7],[74.1,-77.95],[72.3,-79.1],[68.4,-79.5],[64.6,-80.5],[63.9,-73.25],[62.6,-65],[57.85,-65.1],[54,-65.3],[50.5,-65.5],[46.9,-65.8],[46.9,-59.8],[50.35,-60.05],[53.7,-60.3],[57.35,-60.5],[61.8,-60.6]],"c":true},"ix":2},"nm":"转","mn":"ADBE Vector Shape - Group","hd":false}],"nm":"转","np":5,"cix":2,"bm":0,"ix":1,"mn":"ADBE Vector Group","hd":false}]},"fFamily":"SimHei"},{"ch":"至","size":22,"style":"Regular","w":100,"data":{"shapes":[{"ty":"gr","it":[{"ind":0,"ty":"sh","ix":1,"ks":{"a":0,"k":{"i":[[0.966,-1.266],[1.533,-1.8],[1.866,-1.933],[1.4,-1.133],[1.066,-0.533],[0.933,-0.266],[-0.4,-0.866],[-0.267,-1.333],[-1.667,0.267],[-2.067,0.167],[-2.7,0.067],[-3.8,0.067],[0,0],[5.433,0.1],[3.4,0.334],[0,0],[-5.434,0.1],[-6.267,0],[0,0],[6.533,0.1],[4.8,0.334],[0,0],[-7.167,0.1],[-9.4,0],[-7.067,-0.1],[-5.134,-0.334],[0,0],[6.566,-0.1],[8.733,0],[0,0],[-5.034,-0.133],[-3.334,-0.266],[0,0],[5.066,-0.133],[5.933,0],[0,0],[-2.5,0.034],[-1.8,0.034],[-1.3,0],[-1.067,-0.066],[-0.967,-1.4],[-0.534,-0.933],[0,0],[1.933,2.3],[2.1,2.367],[2.1,2.134],[1.666,1.534],[0,0],[-2.067,-2.2],[-1.934,-2.333],[1.166,-0.033],[1.533,-0.033],[1.966,0],[2.533,0],[0,0],[-0.967,1.1],[-0.934,1.134],[-1,1.267],[-1.2,1.467],[-1.467,1.734],[-1.4,1.667],[0,0],[-2.634,-0.033],[-2.3,-0.066],[-2.167,-0.1],[-2.2,-0.133],[0,0],[6.6,-0.133],[8.333,0],[6.533,0.134],[4.533,0.334],[0,0],[-5.067,0.1],[-6.134,0.067]],"o":[[-0.967,1.267],[-2.6,3],[-1.867,1.934],[-1.4,1.134],[-1.067,0.534],[0.8,1.067],[0.4,0.867],[1.8,-0.4],[1.666,-0.266],[2.066,-0.166],[2.7,-0.066],[0,0],[-6.267,0],[-5.434,-0.1],[0,0],[3.4,-0.333],[5.433,-0.1],[0,0],[-8.667,0],[-6.534,-0.1],[0,0],[5.066,-0.334],[7.166,-0.1],[9.466,0],[7.066,0.1],[0,0],[-4.8,0.334],[-6.567,0.1],[0,0],[5.933,0],[5.033,0.134],[0,0],[-3.267,0.267],[-5.067,0.134],[0,0],[3.4,-0.066],[2.5,-0.033],[1.8,-0.033],[1.3,0],[1.266,1.6],[0.966,1.4],[0,0],[-1.334,-1.8],[-1.934,-2.3],[-2.1,-2.366],[-2.1,-2.133],[0,0],[1.8,1.667],[2.066,2.2],[-0.934,0.067],[-1.167,0.034],[-1.534,0.034],[-1.967,0],[0,0],[1.066,-1.066],[0.966,-1.1],[0.933,-1.133],[1,-1.266],[0.733,-0.866],[1.466,-1.733],[0,0],[3.2,0],[2.633,0.034],[2.3,0.067],[2.166,0.1],[0,0],[-4.467,0.334],[-6.6,0.134],[-8.267,0],[-6.534,-0.133],[0,0],[3.6,-0.266],[5.066,-0.1],[-0.734,1.467]],"v":[[38.15,-64.3],[34.4,-59.7],[27.7,-52.3],[22.8,-47.7],[19.1,-45.2],[16.1,-44],[17.9,-41.1],[18.9,-37.8],[24.1,-38.8],[29.7,-39.45],[36.85,-39.8],[46.6,-40],[46.6,-24.2],[29.05,-24.35],[15.8,-25],[15.8,-18.2],[29.05,-18.85],[46.6,-19],[46.6,-1.1],[23.8,-1.25],[6.8,-1.9],[6.8,4.7],[25.15,4.05],[50,3.9],[74.8,4.05],[93.1,4.7],[93.1,-1.9],[76.05,-1.25],[53.1,-1.1],[53.1,-19],[69.55,-18.8],[82.1,-18.2],[82.1,-25],[69.6,-24.4],[53.1,-24.2],[53.1,-40.1],[61.95,-40.25],[68.4,-40.35],[73.05,-40.4],[76.6,-40.3],[79.95,-35.8],[82.2,-32.3],[87.8,-36.2],[82.9,-42.35],[76.85,-49.35],[70.55,-56.1],[64.9,-61.6],[60.6,-58],[66.4,-52.2],[72.4,-45.4],[69.25,-45.25],[65.2,-45.15],[59.95,-45.1],[53.2,-45.1],[28.7,-45.1],[31.75,-48.35],[34.6,-51.7],[37.5,-55.3],[40.8,-59.4],[44.1,-63.3],[48.4,-68.4],[59.3,-68.4],[68.05,-68.35],[75.45,-68.2],[82.15,-67.95],[88.7,-67.6],[88.7,-74.1],[72.1,-73.4],[49.7,-73.2],[27.5,-73.4],[10.9,-74.1],[10.9,-67.6],[23.9,-68.15],[40.7,-68.4]],"c":true},"ix":2},"nm":"至","mn":"ADBE Vector Shape - Group","hd":false}],"nm":"至","np":3,"cix":2,"bm":0,"ix":1,"mn":"ADBE Vector Group","hd":false}]},"fFamily":"SimHei"},{"ch":"第","size":22,"style":"Regular","w":100,"data":{"shapes":[{"ty":"gr","it":[{"ind":0,"ty":"sh","ix":1,"ks":{"a":0,"k":{"i":[[0,0],[0,0],[0,0],[0,0]],"o":[[0,0],[0,0],[0,0],[0,0]],"v":[[49,-33],[49,-23.1],[23.2,-23.1],[23.8,-33]],"c":true},"ix":2},"nm":"第","mn":"ADBE Vector Shape - Group","hd":false},{"ind":1,"ty":"sh","ix":2,"ks":{"a":0,"k":{"i":[[0,0],[5.466,0.134],[3,0.134],[0.3,-3.7],[0.733,-2.933],[-1.8,0.1],[-2.334,0.1],[-2.667,0.067],[-2.6,0],[6.033,-2.966],[6.266,-1.8],[-0.834,-0.967],[-0.6,-1.334],[-3.234,1.733],[-3.067,2],[-2.9,2.4],[-2.934,2.934],[0,0],[0.133,-2.4],[0.333,-2.667],[0,0],[0.1,2.4],[0,2.867],[0,0],[0,0],[0.3,-1.8],[1.166,-0.966],[2.333,-0.133],[4.066,0.4],[-0.4,-1.1],[-0.067,-1.334],[-2.6,0.6],[-1.4,1],[-0.5,1.4],[-0.134,1.934],[-0.1,1.134],[-0.1,1.067],[-0.134,1.067],[-0.2,1.2],[2.3,-0.1],[2.966,-0.066],[3.733,-0.033],[4.733,0],[0,0],[0,0],[-3.834,-0.133],[-1.934,-0.133],[0.066,1.434],[0,2.267],[-0.067,1.734],[-0.134,1.8],[2.566,-0.133],[3.133,-0.066],[3.533,-0.033],[3.533,0],[3.2,0.067],[3.166,0.1],[2.8,0.134],[1.8,0.134],[0,0],[-1.834,0.067],[-2.5,0.067],[-3.5,0],[-5.134,0]],"o":[[-7,-0.066],[-5.467,-0.133],[0.466,4.267],[-0.3,3.7],[0.933,-0.066],[1.8,-0.1],[2.333,-0.1],[2.666,-0.066],[-5.667,4.934],[-6.034,2.967],[1.466,0.933],[0.833,0.966],[3.6,-1.6],[3.233,-1.734],[3.066,-2],[2.9,-2.4],[0,0],[0,2.867],[-0.134,2.4],[0,0],[-0.334,-2.667],[-0.1,-2.4],[0,0],[0,0],[-0.067,2.934],[-0.3,1.8],[-1.167,0.967],[-2.334,0.134],[1.133,1.334],[0.4,1.1],[4.266,-0.2],[2.6,-0.6],[1.4,-1],[0.5,-1.4],[0.066,-1.333],[0.1,-1.133],[0.1,-1.066],[0.133,-1.066],[-1.934,0.134],[-2.3,0.1],[-2.967,0.067],[-3.734,0.034],[0,0],[0,0],[5.2,0],[3.833,0.134],[-0.267,-1.733],[-0.067,-1.433],[0,-1.8],[0.066,-1.733],[-1.734,0.134],[-2.567,0.134],[-3.134,0.067],[-3.534,0.034],[-2.6,0],[-3.2,-0.066],[-3.167,-0.1],[-2.8,-0.133],[0,0],[1.8,-0.133],[1.833,-0.066],[2.5,-0.066],[3.5,0],[0,0]],"v":[[49,-38.1],[30.3,-38.4],[17.6,-38.8],[17.85,-26.85],[16.3,-16.9],[20.4,-17.15],[26.6,-17.45],[34.1,-17.7],[42,-17.8],[24.45,-5.95],[6,1.2],[9.45,4.05],[11.6,7.5],[21.85,2.5],[31.3,-3.1],[40.25,-9.7],[49,-17.7],[49,-5.4],[48.8,2.5],[48.1,10.1],[55.8,10.1],[55.15,2.5],[55,-5.4],[55,-17.9],[85.1,-17.9],[84.55,-10.8],[82.35,-6.65],[77.1,-5],[67.5,-5.4],[69.8,-1.75],[70.5,1.9],[80.8,0.7],[86.8,-1.7],[89.65,-5.3],[90.6,-10.3],[90.85,-14],[91.15,-17.3],[91.5,-20.5],[92,-23.9],[85.65,-23.55],[77.75,-23.3],[67.7,-23.15],[55,-23.1],[55,-33],[62.8,-33],[76.35,-32.8],[85,-32.4],[84.5,-37.15],[84.4,-42.7],[84.5,-48],[84.8,-53.3],[78.35,-52.9],[69.8,-52.6],[59.8,-52.45],[49.2,-52.4],[40.5,-52.5],[30.95,-52.75],[22,-53.1],[15.1,-53.5],[15.1,-46.9],[20.55,-47.2],[27.05,-47.4],[36.05,-47.5],[49,-47.5]],"c":true},"ix":2},"nm":"第","mn":"ADBE Vector Shape - Group","hd":false},{"ind":2,"ty":"sh","ix":3,"ks":{"a":0,"k":{"i":[[0,0],[0,0],[0,0],[0,0]],"o":[[0,0],[0,0],[0,0],[0,0]],"v":[[55,-38.1],[55,-47.5],[78.6,-47.5],[78.6,-38.1]],"c":true},"ix":2},"nm":"第","mn":"ADBE Vector Shape - Group","hd":false},{"ind":3,"ty":"sh","ix":4,"ks":{"a":0,"k":{"i":[[-1.734,0.4],[0.033,0.567],[0.866,0.134],[1.866,1.934],[3.4,-4.3],[4,-3],[-0.867,-0.7],[-0.867,-1.066],[-1.834,2.167],[-2.134,2.934],[0,0],[-1.467,-1.933],[-1.334,-2.333],[0,0],[1.166,1.2],[1.6,1.467],[-2.867,-0.1],[-1.134,-0.266],[0,0],[1.133,-0.166],[1.966,-0.1],[3,-0.033],[4.533,0]],"o":[[1,-0.2],[-0.034,-0.566],[-2.734,-0.466],[-2.534,5.4],[-3.4,4.3],[1.133,0.534],[0.866,0.7],[2.2,-2.266],[1.833,-2.166],[0,0],[1.8,1.734],[1.466,1.934],[0,0],[-1.334,-1.733],[-1.167,-1.2],[5,0],[2.866,0.1],[0,0],[-0.734,0.2],[-1.134,0.167],[-1.967,0.1],[-3,0.034],[2.266,-3.133]],"v":[[32,-75.9],[33.45,-77.05],[32.1,-78.1],[25.2,-81.7],[16.3,-67.15],[5.2,-56.2],[8.2,-54.35],[10.8,-51.7],[16.85,-58.35],[22.8,-66],[27.5,-66],[32.4,-60.5],[36.6,-54.1],[42.3,-57.6],[38.55,-62],[34.4,-66],[46.2,-65.85],[52.2,-65.3],[52.2,-71.8],[49.4,-71.25],[44.75,-70.85],[37.3,-70.65],[26,-70.6]],"c":true},"ix":2},"nm":"第","mn":"ADBE Vector Shape - Group","hd":false},{"ind":4,"ty":"sh","ix":5,"ks":{"a":0,"k":{"i":[[-0.867,0.8],[-0.667,0.334],[0.066,0.534],[1,0.2],[0.933,0.334],[1.333,0.734],[1.3,-2.366],[1.7,-2.266],[1.866,-1.866],[1.666,-1.066],[-0.967,-0.566],[-1,-0.933],[-1.734,2.134],[-1.334,1.8],[0,0],[-1.234,-1.733],[-1.267,-2.266],[0,0],[1,1.234],[1.266,1.334],[-2.134,-0.033],[-1.434,-0.033],[-0.867,-0.1],[-0.6,-0.066],[0,0],[1.2,-0.166],[2.133,-0.133],[3.3,-0.1],[4.933,0]],"o":[[0.866,-0.8],[1.066,-0.466],[-0.067,-0.533],[-1.4,-0.266],[-0.934,-0.333],[-0.534,2.067],[-1.3,2.367],[-1.7,2.267],[-1.867,1.867],[1.133,0.334],[0.966,0.567],[1.933,-2.133],[1.733,-2.133],[0,0],[1.6,1.934],[1.233,1.734],[0,0],[-1.134,-1.6],[-1,-1.233],[3,0],[2.133,0.034],[1.433,0.034],[0.866,0.1],[0,0],[-0.734,0.2],[-1.2,0.167],[-2.134,0.134],[-3.3,0.1],[1.266,-1.933]],"v":[[69.5,-75],[71.8,-76.7],[73.3,-78.2],[71.7,-79.3],[68.2,-80.2],[64.8,-81.8],[62.05,-75.15],[57.55,-68.2],[52.2,-62],[46.9,-57.6],[50.05,-56.25],[53,-54],[58.5,-60.4],[63.1,-66.3],[69.4,-66.3],[73.65,-60.8],[77.4,-54.8],[82.6,-58.2],[79.4,-62.45],[76,-66.3],[83.7,-66.25],[89.05,-66.15],[92.5,-65.95],[94.7,-65.7],[94.7,-72.4],[91.8,-71.85],[86.8,-71.4],[78.65,-71.05],[66.3,-70.9]],"c":true},"ix":2},"nm":"第","mn":"ADBE Vector Shape - Group","hd":false}],"nm":"第","np":8,"cix":2,"bm":0,"ix":1,"mn":"ADBE Vector Group","hd":false}]},"fFamily":"SimHei"},{"ch":"三","size":22,"style":"Regular","w":100,"data":{"shapes":[{"ty":"gr","it":[{"ind":0,"ty":"sh","ix":1,"ks":{"a":0,"k":{"i":[[0,0],[2.133,-0.1],[2.466,-0.066],[3.266,0],[5.066,0],[3.233,0],[2.5,0.067],[2.2,0.1],[2.866,0.134],[0,0],[-2.2,0.1],[-2.5,0.034],[-3.2,0.034],[-4.934,0],[-3.267,-0.033],[-2.467,-0.033],[-2.134,-0.1],[-2.867,-0.133]],"o":[[-2.867,0.134],[-2.134,0.1],[-2.467,0.067],[-3.267,0],[-4.867,0],[-3.234,0],[-2.5,-0.066],[-2.2,-0.1],[0,0],[2.866,-0.133],[2.2,-0.1],[2.5,-0.033],[3.2,-0.033],[5.066,0],[3.266,0.034],[2.466,0.034],[2.133,0.1],[0,0]],"v":[[85.1,-70.3],[77.6,-69.95],[70.7,-69.7],[62.1,-69.6],[49.6,-69.6],[37.45,-69.6],[28.85,-69.7],[21.8,-69.95],[14.2,-70.3],[14.2,-63.6],[21.8,-63.95],[28.85,-64.15],[37.4,-64.25],[49.6,-64.3],[62.1,-64.25],[70.7,-64.15],[77.6,-63.95],[85.1,-63.6]],"c":true},"ix":2},"nm":"三","mn":"ADBE Vector Shape - Group","hd":false},{"ind":1,"ty":"sh","ix":2,"ks":{"a":0,"k":{"i":[[0,0],[1.6,-0.1],[2.2,-0.066],[3,0],[4.266,0],[2.966,0.034],[2.2,0.034],[1.6,0.1],[1.6,0.134],[0,0],[-1.767,0.1],[-2.267,0.034],[-2.934,0.034],[-3.934,0],[-3.034,-0.033],[-2.1,-0.033],[-1.5,-0.1],[-1.6,-0.133]],"o":[[-1.6,0.134],[-1.6,0.1],[-2.2,0.067],[-3,0],[-4.334,0],[-2.967,-0.033],[-2.2,-0.033],[-1.6,-0.1],[0,0],[1.6,-0.133],[1.766,-0.1],[2.266,-0.033],[2.933,-0.033],[4.6,0],[3.033,0.034],[2.1,0.034],[1.5,0.1],[0,0]],"v":[[79.5,-40.1],[74.7,-39.75],[69,-39.5],[61.2,-39.4],[50.3,-39.4],[39.35,-39.45],[31.6,-39.55],[25.9,-39.75],[21.1,-40.1],[21.1,-33.5],[26.15,-33.85],[32.2,-34.05],[40,-34.15],[50.3,-34.2],[61.75,-34.15],[69.45,-34.05],[74.85,-33.85],[79.5,-33.5]],"c":true},"ix":2},"nm":"三","mn":"ADBE Vector Shape - Group","hd":false},{"ind":2,"ty":"sh","ix":3,"ks":{"a":0,"k":{"i":[[2.633,-0.1],[3.033,-0.033],[4.066,-0.033],[6.266,0],[3.966,0.034],[3.2,0.034],[2.866,0.1],[3.4,0.2],[0,0],[-2.8,0.1],[-3.134,0.034],[-3.967,0.034],[-5.867,0],[-4.067,-0.033],[-3.034,-0.033],[-2.634,-0.1],[-3.4,-0.2],[0,0]],"o":[[-2.634,0.1],[-3.034,0.034],[-4.067,0.034],[-5.6,0],[-3.967,-0.033],[-3.2,-0.033],[-2.867,-0.1],[0,0],[3.4,-0.2],[2.8,-0.1],[3.133,-0.033],[3.966,-0.033],[6.266,0],[4.066,0.034],[3.033,0.034],[2.633,0.1],[0,0],[-3.4,0.2]],"v":[[84.55,-7.15],[76.05,-6.95],[65.4,-6.85],[49.9,-6.8],[35.55,-6.85],[24.8,-6.95],[15.7,-7.15],[6.3,-7.6],[6.3,-0.5],[15.6,-0.95],[24.5,-1.15],[35.15,-1.25],[49.9,-1.3],[65.4,-1.25],[76.05,-1.15],[84.55,-0.95],[93.6,-0.5],[93.6,-7.6]],"c":true},"ix":2},"nm":"三","mn":"ADBE Vector Shape - Group","hd":false}],"nm":"三","np":6,"cix":2,"bm":0,"ix":1,"mn":"ADBE Vector Group","hd":false}]},"fFamily":"SimHei"},{"ch":"方","size":22,"style":"Regular","w":100,"data":{"shapes":[{"ty":"gr","it":[{"ind":0,"ty":"sh","ix":1,"ks":{"a":0,"k":{"i":[[6.433,0.1],[4.933,0.267],[0,0],[-2.034,0.1],[-2.034,0.034],[-2.167,0.067],[-2.534,0],[0,0],[0.566,-3.933],[1.7,-3.466],[3.133,-3.066],[5.066,-2.734],[-1.134,-0.9],[-0.8,-1.134],[-3.034,3.3],[-1.834,3.7],[-0.8,4.134],[-0.067,4.6],[0,0],[0,0],[0.666,-0.9],[1.566,-0.4],[2.633,0.067],[4,0.734],[-0.5,-1.5],[0,-1.334],[-3.067,0.6],[-1.667,0.9],[-0.6,1.2],[-0.134,1.534],[0,0],[1.033,-0.066],[1.133,-0.033],[1.066,-0.033],[0.8,0],[0,0],[0,0],[-8.6,-0.1],[-5.134,-0.266],[0,0],[6.2,-0.1],[8.466,0],[1.233,2.6],[1.333,2.334],[0,0],[-1.334,-2.233],[-1,-2.4]],"o":[[-6.434,-0.1],[0,0],[2.2,-0.066],[2.033,-0.1],[2.033,-0.033],[2.166,-0.066],[0,0],[0,4.467],[-0.567,3.934],[-1.7,3.467],[-3.134,3.067],[1.2,0.533],[1.133,0.9],[4.466,-3],[3.033,-3.3],[1.833,-3.7],[0.8,-4.133],[0,0],[0,0],[-0.134,1.334],[-0.667,0.9],[-1.567,0.4],[-2.634,-0.066],[1.133,1.467],[0.5,1.5],[5.066,-0.267],[3.066,-0.6],[1.666,-0.9],[0.6,-1.2],[0,0],[-0.734,0.067],[-1.034,0.067],[-1.134,0.034],[-1.067,0.034],[0,0],[0,0],[12.866,0],[8.6,0.1],[0,0],[-4.867,0.267],[-6.2,0.1],[-1.134,-3],[-1.234,-2.6],[0,0],[1.4,1.6],[1.333,2.234],[-8.667,0]],"v":[[24.55,-64.35],[7.5,-64.9],[7.5,-58.2],[13.85,-58.45],[19.95,-58.65],[26.25,-58.8],[33.3,-58.9],[33.3,-38.4],[32.45,-25.8],[29.05,-14.7],[21.8,-4.9],[9.5,3.8],[13,5.95],[15.9,9],[27.15,-0.45],[34.45,-10.95],[38.4,-22.7],[39.7,-35.8],[74.1,-35.8],[71.2,-6.3],[70,-2.95],[66.65,-1],[60.35,-0.5],[50.4,-1.7],[52.85,2.75],[53.6,7],[65.8,5.7],[72.9,3.45],[76.3,0.3],[77.4,-3.8],[81,-41.3],[78.35,-41.1],[75.1,-40.95],[71.8,-40.85],[69,-40.8],[39.7,-40.8],[39.7,-58.9],[71.9,-58.75],[92.5,-58.2],[92.5,-64.9],[75.9,-64.35],[53.9,-64.2],[50.35,-72.6],[46.5,-80],[39.6,-76.9],[43.7,-71.15],[47.2,-64.2]],"c":true},"ix":2},"nm":"方","mn":"ADBE Vector Shape - Group","hd":false}],"nm":"方","np":3,"cix":2,"bm":0,"ix":1,"mn":"ADBE Vector Group","hd":false}]},"fFamily":"SimHei"},{"ch":"滑","size":32,"style":"Regular","w":100,"data":{"shapes":[{"ty":"gr","it":[{"ind":0,"ty":"sh","ix":1,"ks":{"a":0,"k":{"i":[[0.766,0.634],[0.866,1.2],[1.666,-2.9],[1.966,-3.066],[2.1,-2.9],[1.933,-2.267],[-0.967,-0.6],[-1.134,-1.134],[-1.834,3.1],[-1.8,2.9],[-1.667,2.534],[-1.4,1.934]],"o":[[-0.767,-0.633],[-1.067,2.267],[-1.667,2.9],[-1.967,3.067],[-2.1,2.9],[1.2,0.466],[0.966,0.6],[1.733,-3.067],[1.833,-3.1],[1.8,-2.9],[1.666,-2.533],[-1.134,-0.533]],"v":[[30.85,-27.45],[28.4,-30.2],[24.3,-22.45],[18.85,-13.5],[12.75,-4.55],[6.7,3.2],[9.95,4.8],[13.1,7.4],[18.45,-1.85],[23.9,-10.85],[29.1,-19],[33.7,-25.7]],"c":true},"ix":2},"nm":"滑","mn":"ADBE Vector Shape - Group","hd":false},{"ind":1,"ty":"sh","ix":2,"ks":{"a":0,"k":{"i":[[0,0],[1.666,1.067],[1.733,1],[1.666,0.934],[1.4,0.667],[0,0],[-3.4,-2],[-2.534,-2.266]],"o":[[-1.334,-0.933],[-1.667,-1.066],[-1.734,-1],[-1.667,-0.933],[0,0],[3,1.267],[3.4,2],[0,0]],"v":[[28.2,-41.7],[23.7,-44.7],[18.6,-47.8],[13.5,-50.7],[8.9,-53.1],[5.6,-47.4],[15.2,-42.5],[24.1,-36.1]],"c":true},"ix":2},"nm":"滑","mn":"ADBE Vector Shape - Group","hd":false},{"ind":2,"ty":"sh","ix":3,"ks":{"a":0,"k":{"i":[[0,0],[3.133,2.067],[3.466,1.934],[0,0],[-2.734,-1.833],[-2.6,-2.266]],"o":[[-2.6,-1.933],[-3.134,-2.066],[0,0],[3.866,2.134],[2.733,1.834],[0,0]],"v":[[34.7,-65.8],[26.1,-71.8],[16.2,-77.8],[12.5,-72.3],[22.4,-66.35],[30.4,-60.2]],"c":true},"ix":2},"nm":"滑","mn":"ADBE Vector Shape - Group","hd":false},{"ind":3,"ty":"sh","ix":4,"ks":{"a":0,"k":{"i":[[0,0],[0,0],[0,0],[0.2,-0.533],[0.633,-0.234],[1.266,0.066],[2.133,0.333],[-0.3,-1.2],[0.066,-1.134],[-1.767,0.366],[-0.9,0.633],[-0.3,1.066],[0,1.6],[0,0],[-0.067,1.634],[-0.134,1.934],[1.566,-0.066],[2.066,-0.066],[2.233,-0.033],[2,0],[2.266,0.034],[2.066,0.067],[1.666,0.067],[0.6,0.067],[-0.1,-2.1],[0,-2.133],[0,0],[0.1,-1.6],[0.2,-2.267],[0,0]],"o":[[0,0],[0,0],[0,0.8],[-0.2,0.533],[-0.634,0.233],[-1.267,-0.067],[0.933,1.266],[0.3,1.2],[2.866,-0.2],[1.766,-0.367],[0.9,-0.634],[0.3,-1.067],[0,0],[0,-1.933],[0.066,-1.633],[-0.6,0.067],[-1.567,0.067],[-2.067,0.067],[-2.234,0.034],[-1.8,0],[-2.267,-0.033],[-2.067,-0.066],[-1.667,-0.066],[0.133,1.067],[0.1,2.1],[0,0],[0,1.934],[-0.1,1.6],[0,0],[0,0]],"v":[[48.4,-8.5],[78.9,-8.5],[78.9,-2],[78.6,0],[77.35,1.15],[74.5,1.4],[69.4,0.8],[71.25,4.5],[71.6,8],[78.55,7.15],[82.55,5.65],[84.35,3.1],[84.8,-0.9],[84.8,-27.5],[84.9,-32.85],[85.2,-38.2],[81.95,-38],[76.5,-37.8],[70.05,-37.65],[63.7,-37.6],[57.6,-37.65],[51.1,-37.8],[45.5,-38],[42.1,-38.2],[42.45,-33.45],[42.6,-27.1],[42.6,-2.8],[42.45,2.5],[42,8.3],[48.4,8.3]],"c":true},"ix":2},"nm":"滑","mn":"ADBE Vector Shape - Group","hd":false},{"ind":4,"ty":"sh","ix":5,"ks":{"a":0,"k":{"i":[[0,0],[0,0],[0,0],[0,0]],"o":[[0,0],[0,0],[0,0],[0,0]],"v":[[78.9,-20.8],[78.9,-12.9],[48.4,-12.9],[48.4,-20.8]],"c":true},"ix":2},"nm":"滑","mn":"ADBE Vector Shape - Group","hd":false},{"ind":5,"ty":"sh","ix":6,"ks":{"a":0,"k":{"i":[[0,0],[0,0],[0,0],[0,0]],"o":[[0,0],[0,0],[0,0],[0,0]],"v":[[48.4,-25.3],[48.4,-33.2],[78.9,-33.2],[78.9,-25.3]],"c":true},"ix":2},"nm":"滑","mn":"ADBE Vector Shape - Group","hd":false},{"ind":6,"ty":"sh","ix":7,"ks":{"a":0,"k":{"i":[[0,0],[0,0],[0,0],[0,0]],"o":[[0,0],[0,0],[0,0],[0,0]],"v":[[48.3,-58.8],[62.6,-58.8],[62.6,-48.9],[48.3,-48.9]],"c":true},"ix":2},"nm":"滑","mn":"ADBE Vector Shape - Group","hd":false},{"ind":7,"ty":"sh","ix":8,"ks":{"a":0,"k":{"i":[[0,0],[0,0],[0,0],[0,0],[0,0],[0,0]],"o":[[0,0],[0,0],[0,0],[0,0],[0,0],[0,0]],"v":[[78,-48.9],[68,-48.9],[68,-63.5],[48.3,-63.5],[48.3,-70.8],[78,-70.8]],"c":true},"ix":2},"nm":"滑","mn":"ADBE Vector Shape - Group","hd":false},{"ind":8,"ty":"sh","ix":9,"ks":{"a":0,"k":{"i":[[0,0],[1.833,0.134],[0.866,0.2],[0,0],[0,0],[0,0],[0,0],[0,0],[0,0],[0,0],[1.766,-0.133],[2.2,-0.066],[0,0],[-0.067,1.567],[-0.267,1.467],[1.566,-0.1],[1.933,-0.066],[2.166,-0.033],[2,0],[2.166,0.034],[1.966,0.1],[1.6,0.067],[0.8,0.134],[-0.1,-1.5],[0,-2.333]],"o":[[-2.067,-0.066],[-1.834,-0.133],[0,0],[0,0],[0,0],[0,0],[0,0],[0,0],[0,0],[-1.134,0.2],[-1.767,0.134],[0,0],[0,-2],[0.066,-1.566],[-0.8,0.134],[-1.567,0.1],[-1.934,0.067],[-2.167,0.034],[-2,0],[-2.167,-0.033],[-1.967,-0.1],[-1.6,-0.066],[0.266,1.267],[0.1,1.5],[0,0]],"v":[[42.7,-49],[36.85,-49.3],[32.8,-49.8],[32.8,-35.1],[38.5,-35.1],[38.5,-44.3],[88.7,-44.3],[88.7,-35.4],[94.3,-35.4],[94.3,-49.8],[89.95,-49.3],[84,-49],[84,-66.3],[84.1,-71.65],[84.6,-76.2],[81.05,-75.85],[75.8,-75.6],[69.65,-75.45],[63.4,-75.4],[57.15,-75.45],[50.95,-75.65],[45.6,-75.9],[42,-76.2],[42.55,-72.05],[42.7,-66.3]],"c":true},"ix":2},"nm":"滑","mn":"ADBE Vector Shape - Group","hd":false}],"nm":"滑","np":12,"cix":2,"bm":0,"ix":1,"mn":"ADBE Vector Group","hd":false}]},"fFamily":"SimHei"},{"ch":"动","size":32,"style":"Regular","w":100,"data":{"shapes":[{"ty":"gr","it":[{"ind":0,"ty":"sh","ix":1,"ks":{"a":0,"k":{"i":[[0,0],[0,0],[0.366,-1.166],[1.166,-0.5],[2.1,0.033],[3.466,0.333],[-0.467,-1.2],[-0.2,-1.734],[-2.467,0.6],[-1.3,1.066],[-0.434,1.7],[-0.067,2.667],[0,0],[3.7,-0.166],[4.666,0],[-0.1,2.167],[-0.134,1.2],[-0.267,0.5],[-0.334,0.267],[0.2,0.534],[0.866,0],[1.3,0.134],[1.333,0.334],[-0.067,-0.966],[-0.067,-1.566],[0,-2.366],[0,-3.466],[2.666,0.167],[1.666,0.267],[0,0],[-1.267,0.1],[-1.5,0.1],[-1.667,0.034],[-1.534,0],[0.633,-6.166],[1.666,-4.766],[2.933,-3.633],[4.666,-3.2],[-1.667,-1.667],[-2.767,4],[-1.667,5],[-0.734,6.5],[-0.134,8.867]],"o":[[0,0],[-0.067,2],[-0.367,1.167],[-1.167,0.5],[-2.1,-0.034],[1.066,1.4],[0.466,1.2],[4.2,-0.4],[2.466,-0.6],[1.3,-1.067],[0.433,-1.7],[0,0],[-1.6,0.267],[-3.7,0.167],[0,-3.666],[0.1,-2.166],[0.133,-1.2],[0.266,-0.5],[0.933,-0.733],[-0.2,-0.533],[-1.334,0.067],[-1.3,-0.133],[0.133,0.734],[0.066,0.967],[0.066,1.567],[0,2.367],[-4.067,0],[-2.667,-0.166],[0,0],[0.666,-0.066],[1.266,-0.1],[1.5,-0.1],[1.666,-0.033],[-0.067,8.334],[-0.634,6.167],[-1.667,4.767],[-2.934,3.634],[2.733,1.333],[4.2,-3.8],[2.766,-4],[1.666,-5],[0.733,-6.5],[0,0]],"v":[[87.3,-55.2],[85.9,-7.5],[85.25,-2.75],[82.95,-0.25],[78.05,0.45],[69.7,-0.1],[72,3.8],[73,8.2],[83,6.7],[88.65,4.2],[91.25,0.05],[92,-6.5],[93.5,-61.3],[85.55,-60.65],[73,-60.4],[73.15,-69.15],[73.5,-74.2],[74.1,-76.75],[75,-77.9],[76.1,-79.8],[74.5,-80.6],[70.55,-80.7],[66.6,-81.4],[66.9,-78.85],[67.1,-75.05],[67.2,-69.15],[67.2,-60.4],[57.1,-60.65],[50.6,-61.3],[50.6,-54.4],[53.5,-54.65],[57.65,-54.95],[62.4,-55.15],[67.2,-55.2],[66.15,-33.45],[62.7,-17.05],[55.8,-4.45],[44.4,5.8],[51,10.3],[61.45,-1.4],[68.1,-14.9],[71.7,-32.15],[73,-55.2]],"c":true},"ix":2},"nm":"动","mn":"ADBE Vector Shape - Group","hd":false},{"ind":1,"ty":"sh","ix":2,"ks":{"a":0,"k":{"i":[[0.366,-1.166],[0.5,-1.433],[0.666,-1.766],[0.866,-2.266],[0.833,-1.733],[0.8,-1],[0.8,-0.466],[0.866,-0.066],[-0.467,-2.933],[-2.9,0.667],[-4.6,0.667],[0,0],[-0.367,-1.166],[-0.334,-1.133],[0,0],[2.466,4.7],[3,4.667],[0,0],[-2.667,-5.666],[0,0],[-1.134,2.467],[-1.034,2.467],[-1,2.567],[-1,2.934],[-3.667,-0.1],[-2.467,-0.333],[0,0],[3.8,-0.1],[4.8,0],[3.8,0.1],[2.533,0.334],[0,0],[-2.8,0.134],[-3.4,0]],"o":[[-0.367,1.167],[-0.5,1.434],[-0.667,1.767],[-1.067,2.667],[-0.834,1.734],[-0.8,1],[-0.8,0.467],[1.6,1.867],[2.266,-0.8],[2.9,-0.666],[0,0],[0.466,1.134],[0.366,1.167],[0,0],[-2.267,-5.2],[-2.467,-4.7],[0,0],[4.066,5.734],[0,0],[1.333,-2.8],[1.133,-2.466],[1.033,-2.466],[1,-2.566],[4.533,0],[3.666,0.1],[0,0],[-2.534,0.334],[-3.8,0.1],[-4.667,0],[-3.8,-0.1],[0,0],[1.933,-0.266],[2.8,-0.133],[-0.267,1.134]],"v":[[22.05,-39.45],[20.75,-35.55],[19,-30.75],[16.7,-24.7],[13.85,-18.1],[11.4,-14],[9,-11.8],[6.5,-11],[9.6,-3.8],[17.35,-6],[28.6,-8],[45.5,-10.5],[46.75,-7.05],[47.8,-3.6],[53.7,-6.8],[46.6,-21.65],[38.4,-35.7],[33.4,-32.4],[43.5,-15.3],[16.7,-11.8],[20.4,-19.7],[23.65,-27.1],[26.7,-34.65],[29.7,-42.9],[42,-42.75],[51.2,-42.1],[51.2,-48.6],[41.7,-47.95],[28.8,-47.8],[16.1,-47.95],[6.6,-48.6],[6.6,-42.1],[13.7,-42.7],[23,-42.9]],"c":true},"ix":2},"nm":"动","mn":"ADBE Vector Shape - Group","hd":false},{"ind":2,"ty":"sh","ix":3,"ks":{"a":0,"k":{"i":[[0,0],[3.166,-0.133],[3.933,0],[3.166,0.134],[2.133,0.267],[0,0],[-3.2,0.134],[-3.867,0],[-3.167,-0.133],[-2.134,-0.266]],"o":[[-2.134,0.267],[-3.167,0.134],[-3.8,0],[-3.167,-0.133],[0,0],[2.133,-0.266],[3.2,-0.133],[3.8,0],[3.166,0.134],[0,0]],"v":[[48.4,-70.9],[40.45,-70.3],[29.8,-70.1],[19.35,-70.3],[11.4,-70.9],[11.4,-64.4],[19.4,-65],[30,-65.2],[40.45,-65],[48.4,-64.4]],"c":true},"ix":2},"nm":"动","mn":"ADBE Vector Shape - Group","hd":false}],"nm":"动","np":6,"cix":2,"bm":0,"ix":1,"mn":"ADBE Vector Group","hd":false}]},"fFamily":"SimHei"},{"ch":"手","size":32,"style":"Regular","w":100,"data":{"shapes":[{"ty":"gr","it":[{"ind":0,"ty":"sh","ix":1,"ks":{"a":0,"k":{"i":[[0,0],[4.8,0.134],[3.866,0.267],[0,0],[-4.8,0.134],[-7.134,0],[0,0],[4.066,0.034],[3.5,0.067],[3,0.1],[2.666,0.134],[0,0],[-3,0.134],[-3.5,0.067],[-4.067,0.034],[-4.934,0],[0,0],[0.433,-0.933],[1.233,-0.4],[2.233,0.133],[3.666,0.666],[-0.467,-2.867],[-2.534,0.4],[-1.334,0.833],[-0.434,1.233],[0,1.666],[0,0],[-3.834,-0.033],[-3.3,-0.066],[-2.867,-0.133],[-2.534,-0.133],[0,0],[2.866,-0.1],[3.3,-0.066],[3.833,-0.033],[4.533,0],[0,0],[-4.4,-0.133],[-3.667,-0.2],[0,0],[4.4,-0.133],[6.333,-0.066],[0,0],[-3.7,0.4],[-1.9,0.167],[-0.6,0.034],[-0.334,-0.066],[1.133,1.134],[0.533,0.734],[0.6,1.267],[1.6,-0.466],[2.3,-0.433],[3.2,-0.4],[4.533,-0.4],[3.1,-0.1],[3.233,0.034],[3.066,0.167],[2.4,0.267],[-0.467,-1.066],[-0.134,-1.333],[-5.167,0.3],[-4,0.334]],"o":[[-7.134,0],[-4.8,-0.133],[0,0],[3.866,-0.266],[4.8,-0.133],[0,0],[-4.934,0],[-4.067,-0.033],[-3.5,-0.066],[-3,-0.1],[0,0],[2.666,-0.133],[3,-0.133],[3.5,-0.066],[4.066,-0.033],[0,0],[0,1.467],[-0.434,0.933],[-1.234,0.4],[-2.234,-0.134],[2.266,2.533],[4.2,0],[2.533,-0.4],[1.333,-0.834],[0.433,-1.234],[0,0],[4.533,0],[3.833,0.034],[3.3,0.067],[2.866,0.134],[0,0],[-2.534,0.134],[-2.867,0.1],[-3.3,0.067],[-3.834,0.034],[0,0],[6.333,0.067],[4.4,0.134],[0,0],[-3.667,0.2],[-4.4,0.134],[0,0],[6.466,-0.666],[3.7,-0.4],[1.9,-0.166],[0.6,-0.033],[1.666,0.134],[-0.734,-0.733],[-0.534,-0.733],[-1.2,0.467],[-1.6,0.467],[-2.3,0.434],[-3.2,0.4],[-2.467,0.2],[-3.1,0.1],[-3.234,-0.033],[-3.067,-0.166],[0.8,1.067],[0.466,1.067],[6,-0.133],[5.166,-0.3],[0,0]],"v":[[48.2,-52.2],[30.3,-52.4],[17.3,-53],[17.3,-47.1],[30.3,-47.7],[48.2,-47.9],[48.2,-31.6],[34.7,-31.65],[23.35,-31.8],[13.6,-32.05],[5.1,-32.4],[5.1,-26.2],[13.6,-26.6],[23.35,-26.9],[34.7,-27.05],[48.2,-27.1],[48.2,-3.9],[47.55,-0.3],[45.05,1.7],[39.85,2.1],[31,0.9],[35.1,9],[45.2,8.4],[51,6.55],[53.65,3.45],[54.3,-0.9],[54.3,-27.1],[66.85,-27.05],[77.55,-26.9],[86.8,-26.6],[94.9,-26.2],[94.9,-32.4],[86.8,-32.05],[77.55,-31.8],[66.85,-31.65],[54.3,-31.6],[54.3,-47.9],[70.4,-47.6],[82.5,-47.1],[82.5,-53],[70.4,-52.5],[54.3,-52.2],[54.3,-68.4],[69.55,-70],[77.95,-70.85],[81.7,-71.15],[83.1,-71.1],[83.9,-72.6],[82,-74.8],[80.3,-77.8],[76.1,-76.4],[70.25,-75.05],[62,-73.8],[50.4,-72.6],[42.05,-72.15],[32.55,-72.05],[23.1,-72.35],[14.9,-73],[16.8,-69.8],[17.7,-66.2],[34.45,-66.85],[48.2,-67.8]],"c":true},"ix":2},"nm":"手","mn":"ADBE Vector Shape - Group","hd":false}],"nm":"手","np":3,"cix":2,"bm":0,"ix":1,"mn":"ADBE Vector Group","hd":false}]},"fFamily":"SimHei"},{"ch":"机","size":32,"style":"Regular","w":100,"data":{"shapes":[{"ty":"gr","it":[{"ind":0,"ty":"sh","ix":1,"ks":{"a":0,"k":{"i":[[0,0],[-0.334,0.667],[-0.467,0.4],[2.4,-0.133],[1,0.134],[1.466,0.467],[-0.067,-1.066],[-0.067,-1.566],[0,-2.333],[0,-3.533],[2.966,0.134],[1.866,0.267],[0,0],[-2.967,0.167],[-3.267,0],[1.4,-3.4],[1.7,-3.233],[1.966,-2.933],[2.133,-2.4],[-0.7,-0.6],[-0.934,-1.266],[-2.434,4.8],[-1.867,5.267],[0,0],[0.166,-3.2],[0.333,-3.2],[0,0],[0.166,3.2],[0,2.534],[0,0],[-0.834,-1.066],[-0.8,-1.166],[-0.867,-1.333],[-1,-1.666],[0,0],[2.566,2.834],[2.666,2.534],[0,0],[-2.667,-0.166],[-1.734,-0.2],[0,0],[2.666,-0.133],[3.2,0]],"o":[[0,-0.533],[0.333,-0.666],[1.933,-1.8],[-1.334,0.067],[-1,-0.133],[0.066,1],[0.066,1.067],[0.066,1.567],[0,2.334],[-3.4,0],[-2.967,-0.133],[0,0],[1.733,-0.2],[2.966,-0.166],[-1,3.4],[-1.4,3.4],[-1.7,3.234],[-1.967,2.934],[1.4,0.467],[0.7,0.6],[3.066,-4.666],[2.433,-4.8],[0,0],[0,2.534],[-0.167,3.2],[0,0],[-0.334,-3.2],[-0.167,-3.2],[0,0],[1,1.2],[0.833,1.067],[0.8,1.167],[0.866,1.334],[0,0],[-2.8,-3.466],[-2.567,-2.833],[0,0],[3.2,0],[2.666,0.167],[0,0],[-1.734,0.267],[-2.667,0.134],[0,0]],"v":[[28.6,-75.2],[29.1,-77],[30.3,-78.6],[29.6,-81.1],[26.1,-81.2],[22.4,-82.1],[22.6,-79],[22.8,-75.05],[22.9,-69.2],[22.9,-60.4],[13.35,-60.6],[6.1,-61.2],[6.1,-54.4],[13.15,-54.95],[22.5,-55.2],[18.9,-45],[14.25,-35.05],[8.75,-25.8],[2.6,-17.8],[5.75,-16.2],[8.2,-13.4],[16.45,-27.6],[22.9,-42.7],[22.9,-9.2],[22.65,-0.6],[21.9,9],[29.6,9],[28.85,-0.6],[28.6,-9.2],[28.6,-42.4],[31.35,-39],[33.8,-35.65],[36.3,-31.9],[39.1,-27.4],[44.5,-31.4],[36.45,-40.85],[28.6,-48.9],[28.6,-55.2],[37.4,-54.95],[44,-54.4],[44,-61.2],[37.4,-60.6],[28.6,-60.4]],"c":true},"ix":2},"nm":"机","mn":"ADBE Vector Shape - Group","hd":false},{"ind":1,"ty":"sh","ix":2,"ks":{"a":0,"k":{"i":[[0.933,0.467],[1.2,1.334],[0.333,-1.433],[0.5,-0.8],[0.666,-0.234],[0.933,0],[0.633,1.2],[0,3.267],[0,0],[-0.034,1.367],[-0.067,1.2],[-0.1,1.167],[-0.2,1.334],[2.4,-0.1],[4.266,0],[2.566,0.1],[1.533,0.2],[-0.034,-5.333],[0.066,-4.233],[0.133,-3.066],[0.133,-1.466],[0.666,-2.8],[1.233,-2.466],[1.9,-2.133],[2.733,-2],[-0.867,-0.6],[-0.934,-1.334],[-1.767,2.5],[-1.167,2.5],[-0.7,2.8],[-0.4,3.534],[-0.167,2.5],[-0.034,3.4],[0.033,4.667],[0.066,6.467],[0,0],[0,0],[-0.267,-1.666],[-0.667,-0.967],[-1.167,-0.334],[-1.8,0],[-1.4,0.233],[-0.934,0.9],[-0.667,1.733],[-0.734,3]],"o":[[-0.934,-0.466],[-0.267,2.4],[-0.334,1.434],[-0.5,0.8],[-0.667,0.233],[-1.467,0],[-0.634,-1.2],[0,0],[0,-1.866],[0.033,-1.366],[0.066,-1.2],[0.1,-1.166],[-1.734,0.2],[-2.4,0.1],[-4.334,0],[-2.567,-0.1],[0.2,6],[0.033,5.334],[-0.067,4.234],[-0.134,3.067],[-0.334,3.2],[-0.667,2.8],[-1.234,2.467],[-1.9,2.133],[1.666,0.4],[0.866,0.6],[2.6,-2.934],[1.766,-2.5],[1.166,-2.5],[0.7,-2.8],[0.266,-2.2],[0.166,-2.5],[0.033,-3.4],[-0.034,-4.666],[0,0],[0,0],[0,2.6],[0.266,1.666],[0.666,0.966],[1.166,0.333],[2.2,0],[1.4,-0.234],[0.933,-0.9],[0.666,-1.733],[-1,-0.133]],"v":[[94.5,-7.4],[91.3,-10.1],[90.4,-4.35],[89.15,-1],[87.4,0.55],[85,0.9],[81.85,-0.9],[80.9,-7.6],[80.9,-58.1],[80.95,-62.95],[81.1,-66.8],[81.35,-70.35],[81.8,-74.1],[75.6,-73.65],[65.6,-73.5],[55.25,-73.65],[49.1,-74.1],[49.45,-57.1],[49.4,-42.75],[49.1,-31.8],[48.7,-25],[47.2,-16],[44.35,-8.1],[39.65,-1.2],[32.7,5],[36.5,6.5],[39.2,9.4],[45.75,1.25],[50.15,-6.25],[52.95,-14.2],[54.6,-23.7],[55.25,-30.75],[55.55,-39.6],[55.55,-51.7],[55.4,-68.4],[75,-68.4],[75,-6.2],[75.4,0.2],[76.8,4.15],[79.55,6.1],[84,6.6],[89.4,6.25],[92.9,4.55],[95.3,0.6],[97.4,-6.5]],"c":true},"ix":2},"nm":"机","mn":"ADBE Vector Shape - Group","hd":false}],"nm":"机","np":5,"cix":2,"bm":0,"ix":1,"mn":"ADBE Vector Group","hd":false}]},"fFamily":"SimHei"}]}