{
  "v": "5.6.9",
  "fr": 24,
  "ip": 0,
  "op": 120,
  "w": 750,
  "h": 360,
  "nm": "点击+上滑",
  "ddd": 0,
  "assets": [
    {
      "id": "image_0",
      "w": 82,
      "h": 74,
      "u": "images/",
      "p": "img_0.png",
      "e": 0
    },
    {
      "id": "comp_0",
      "layers": [
        {
          "ddd": 0,
          "ind": 1,
          "ty": 4,
          "nm": "_JIANTOU_",
          "sr": 1,
          "ks": {
            "o": { "a": 0, "k": 100, "ix": 11 },
            "r": { "a": 0, "k": 0, "ix": 10 },
            "p": { "a": 0, "k": [36.894, 15.431, 0], "ix": 2 },
            "a": { "a": 0, "k": [-0.486, 538.558, 0], "ix": 1 },
            "s": { "a": 0, "k": [80, 80, 100], "ix": 6 }
          },
          "ao": 0,
          "shapes": [
            {
              "ty": "gr",
              "it": [
                {
                  "ind": 0,
                  "ty": "sh",
                  "ix": 1,
                  "ks": {
                    "a": 0,
                    "k": {
                      "i": [
                        [0, 0],
                        [0, 0],
                        [0, 0]
                      ],
                      "o": [
                        [0, 0],
                        [0, 0],
                        [0, 0]
                      ],
                      "v": [
                        [-19.291, 554.096],
                        [-0.284, 538.558],
                        [18.583, 554.651]
                      ],
                      "c": false
                    },
                    "ix": 2
                  },
                  "nm": "路径 1",
                  "mn": "ADBE Vector Shape - Group",
                  "hd": false
                },
                {
                  "ty": "st",
                  "c": { "a": 0, "k": [1, 1, 1, 1], "ix": 3 },
                  "o": { "a": 0, "k": 100, "ix": 4 },
                  "w": { "a": 0, "k": 5, "ix": 5 },
                  "lc": 2,
                  "lj": 2,
                  "bm": 0,
                  "nm": "描边 1",
                  "mn": "ADBE Vector Graphic - Stroke",
                  "hd": false
                },
                {
                  "ty": "tr",
                  "p": { "a": 0, "k": [0, 0], "ix": 2 },
                  "a": { "a": 0, "k": [0, 0], "ix": 1 },
                  "s": { "a": 0, "k": [100, 100], "ix": 3 },
                  "r": { "a": 0, "k": 0, "ix": 6 },
                  "o": { "a": 0, "k": 100, "ix": 7 },
                  "sk": { "a": 0, "k": 0, "ix": 4 },
                  "sa": { "a": 0, "k": 0, "ix": 5 },
                  "nm": "变换"
                }
              ],
              "nm": "形状 1",
              "np": 3,
              "cix": 2,
              "bm": 0,
              "ix": 1,
              "mn": "ADBE Vector Group",
              "hd": false
            }
          ],
          "ip": 0,
          "op": 120,
          "st": 0,
          "bm": 0
        },
        {
          "ddd": 0,
          "ind": 2,
          "ty": 4,
          "nm": "_BG_BTN_",
          "sr": 1,
          "ks": {
            "o": { "a": 0, "k": 100, "ix": 11 },
            "r": { "a": 0, "k": 0, "ix": 10 },
            "p": { "a": 0, "k": [36.713, 23, 0], "ix": 2 },
            "a": { "a": 0, "k": [-1.443, 623.654, 0], "ix": 1 },
            "s": { "a": 0, "k": [19.892, 19.892, 100], "ix": 6 }
          },
          "ao": 0,
          "shapes": [
            {
              "ty": "gr",
              "it": [
                {
                  "ty": "rc",
                  "d": 1,
                  "s": { "a": 0, "k": [360, 204], "ix": 2 },
                  "p": { "a": 0, "k": [0, 0], "ix": 3 },
                  "r": { "a": 0, "k": 181, "ix": 4 },
                  "nm": "矩形路径 1",
                  "mn": "ADBE Vector Shape - Rect",
                  "hd": false
                },
                {
                  "ty": "st",
                  "c": { "a": 0, "k": [1, 1, 1, 1], "ix": 3 },
                  "o": { "a": 0, "k": 100, "ix": 4 },
                  "w": { "a": 0, "k": 15, "ix": 5 },
                  "lc": 1,
                  "lj": 1,
                  "ml": 4,
                  "bm": 0,
                  "nm": "描边 1",
                  "mn": "ADBE Vector Graphic - Stroke",
                  "hd": false
                },
                {
                  "ty": "fl",
                  "c": { "a": 0, "k": [0, 0, 0, 1], "ix": 4 },
                  "o": { "a": 0, "k": 100, "ix": 5 },
                  "r": 1,
                  "bm": 0,
                  "nm": "填充 1",
                  "mn": "ADBE Vector Graphic - Fill",
                  "hd": false
                },
                {
                  "ty": "tr",
                  "p": { "a": 0, "k": [0, 623.654], "ix": 2 },
                  "a": { "a": 0, "k": [0, 0], "ix": 1 },
                  "s": { "a": 0, "k": [100, 100], "ix": 3 },
                  "r": { "a": 0, "k": 0, "ix": 6 },
                  "o": { "a": 0, "k": 40, "ix": 7 },
                  "sk": { "a": 0, "k": 0, "ix": 4 },
                  "sa": { "a": 0, "k": 0, "ix": 5 },
                  "nm": "变换"
                }
              ],
              "nm": "矩形 1",
              "np": 3,
              "cix": 2,
              "bm": 0,
              "ix": 1,
              "mn": "ADBE Vector Group",
              "hd": false
            }
          ],
          "ip": 0,
          "op": 120,
          "st": 0,
          "bm": 0
        }
      ]
    },
    {
      "id": "comp_1",
      "layers": [
        {
          "ddd": 0,
          "ind": 1,
          "ty": 2,
          "nm": "_HAND_",
          "refId": "image_0",
          "sr": 1,
          "ks": {
            "o": { "a": 0, "k": 100, "ix": 11 },
            "r": { "a": 0, "k": 0, "ix": 10 },
            "p": { "a": 0, "k": [452.039, 117.483, 0], "ix": 2 },
            "a": { "a": 0, "k": [12.757, 9.003, 0], "ix": 1 },
            "s": {
              "a": 1,
              "k": [
                {
                  "i": { "x": [0.667, 0.667, 0.667], "y": [1, 1, 1] },
                  "o": { "x": [0.333, 0.333, 0.333], "y": [0, 0, 0] },
                  "t": 0,
                  "s": [220, 220, 100]
                },
                {
                  "i": { "x": [0.667, 0.667, 0.667], "y": [1, 1, 1] },
                  "o": { "x": [0.333, 0.333, 0.333], "y": [0, 0, 0] },
                  "t": 9.487,
                  "s": [180, 180, 100]
                },
                {
                  "i": { "x": [0.667, 0.667, 0.667], "y": [1, 1, 1] },
                  "o": { "x": [0.333, 0.333, 0.333], "y": [0, 0, 0] },
                  "t": 19.923,
                  "s": [220, 220, 100]
                },
                {
                  "i": { "x": [0.667, 0.667, 0.667], "y": [1, 1, 1] },
                  "o": { "x": [0.333, 0.333, 0.333], "y": [0, 0, 0] },
                  "t": 30.359,
                  "s": [180, 180, 100]
                },
                {
                  "i": { "x": [0.667, 0.667, 0.667], "y": [1, 1, 1] },
                  "o": { "x": [0.333, 0.333, 0.333], "y": [0, 0, 0] },
                  "t": 40.795,
                  "s": [220, 220, 100]
                },
                {
                  "i": { "x": [0.667, 0.667, 0.667], "y": [1, 1, 1] },
                  "o": { "x": [0.333, 0.333, 0.333], "y": [0, 0, 0] },
                  "t": 50.282,
                  "s": [180, 180, 100]
                },
                {
                  "i": { "x": [0.667, 0.667, 0.667], "y": [1, 1, 1] },
                  "o": { "x": [0.333, 0.333, 0.333], "y": [0, 0, 0] },
                  "t": 60.718,
                  "s": [220, 220, 100]
                },
                {
                  "i": { "x": [0.667, 0.667, 0.667], "y": [1, 1, 1] },
                  "o": { "x": [0.333, 0.333, 0.333], "y": [0, 0, 0] },
                  "t": 71.154,
                  "s": [180, 180, 100]
                },
                {
                  "i": { "x": [0.667, 0.667, 0.667], "y": [1, 1, 1] },
                  "o": { "x": [0.333, 0.333, 0.333], "y": [0, 0, 0] },
                  "t": 82.538,
                  "s": [220, 220, 100]
                },
                {
                  "i": { "x": [0.667, 0.667, 0.667], "y": [1, 1, 1] },
                  "o": { "x": [0.333, 0.333, 0.333], "y": [0, 0, 0] },
                  "t": 92.025,
                  "s": [180, 180, 100]
                },
                {
                  "i": { "x": [0.667, 0.667, 0.667], "y": [1, 1, 1] },
                  "o": { "x": [0.333, 0.333, 0.333], "y": [0, 0, 0] },
                  "t": 102.462,
                  "s": [220, 220, 100]
                },
                {
                  "i": { "x": [0.667, 0.667, 0.667], "y": [1, 1, 1] },
                  "o": { "x": [0.167, 0.167, 0.167], "y": [0, 0, 0] },
                  "t": 111,
                  "s": [180, 180, 100]
                },
                { "t": 120, "s": [220, 220, 100] }
              ],
              "ix": 6
            }
          },
          "ao": 0,
          "ip": 0,
          "op": 121,
          "st": 0,
          "bm": 0
        },
        {
          "ddd": 0,
          "ind": 2,
          "ty": 5,
          "nm": "_CTA_TEXT_",
          "sr": 1,
          "ks": {
            "o": { "a": 0, "k": 100, "ix": 11 },
            "r": { "a": 0, "k": 0, "ix": 10 },
            "p": { "a": 0, "k": [312, 91, 0], "ix": 2 },
            "a": { "a": 0, "k": [-0.108, -8.544, 0], "ix": 1 },
            "s": { "a": 0, "k": [150, 150, 100], "ix": 6 }
          },
          "ao": 0,
          "t": {
            "d": {
              "k": [
                {
                  "s": {
                    "s": 26,
                    "f": "SourceHanSansCN-Normal",
                    "t": "按钮文案限一行最多十二字…",
                    "j": 2,
                    "tr": 0,
                    "lh": 31.2,
                    "ls": 0,
                    "fc": [1, 1, 1]
                  },
                  "t": 0
                }
              ]
            },
            "p": {},
            "m": { "g": 1, "a": { "a": 0, "k": [0, 0], "ix": 2 } },
            "a": []
          },
          "ip": 0,
          "op": 121,
          "st": -50,
          "bm": 0
        },
        {
          "ddd": 0,
          "ind": 3,
          "ty": 4,
          "nm": "_CTA_BG_",
          "sr": 1,
          "ks": {
            "o": { "a": 0, "k": 100, "ix": 11 },
            "r": { "a": 0, "k": 0, "ix": 10 },
            "p": { "a": 0, "k": [312, 91, 0], "ix": 2 },
            "a": { "a": 0, "k": [0, 623.654, 0], "ix": 1 },
            "s": { "a": 0, "k": [100, 100, 100], "ix": 6 }
          },
          "ao": 0,
          "shapes": [
            {
              "ty": "gr",
              "it": [
                {
                  "ty": "rc",
                  "d": 1,
                  "s": { "a": 0, "k": [620, 154], "ix": 2 },
                  "p": { "a": 0, "k": [0, 0], "ix": 3 },
                  "r": { "a": 0, "k": 159, "ix": 4 },
                  "nm": "矩形路径 1",
                  "mn": "ADBE Vector Shape - Rect",
                  "hd": false
                },
                {
                  "ty": "st",
                  "c": { "a": 0, "k": [1, 1, 1, 1], "ix": 3 },
                  "o": { "a": 0, "k": 100, "ix": 4 },
                  "w": { "a": 0, "k": 3, "ix": 5 },
                  "lc": 1,
                  "lj": 1,
                  "ml": 4,
                  "bm": 0,
                  "nm": "描边 1",
                  "mn": "ADBE Vector Graphic - Stroke",
                  "hd": false
                },
                {
                  "ty": "fl",
                  "c": { "a": 0, "k": [0, 0, 0, 1], "ix": 4 },
                  "o": { "a": 0, "k": 100, "ix": 5 },
                  "r": 1,
                  "bm": 0,
                  "nm": "填充 1",
                  "mn": "ADBE Vector Graphic - Fill",
                  "hd": false
                },
                {
                  "ty": "tr",
                  "p": { "a": 0, "k": [0, 623.654], "ix": 2 },
                  "a": { "a": 0, "k": [0, 0], "ix": 1 },
                  "s": { "a": 0, "k": [100, 100], "ix": 3 },
                  "r": { "a": 0, "k": 0, "ix": 6 },
                  "o": { "a": 0, "k": 40, "ix": 7 },
                  "sk": { "a": 0, "k": 0, "ix": 4 },
                  "sa": { "a": 0, "k": 0, "ix": 5 },
                  "nm": "变换"
                }
              ],
              "nm": "矩形 1",
              "np": 3,
              "cix": 2,
              "bm": 0,
              "ix": 1,
              "mn": "ADBE Vector Group",
              "hd": false
            }
          ],
          "ip": 0,
          "op": 120,
          "st": 0,
          "bm": 0
        }
      ]
    }
  ],
  "fonts": {
    "list": [
      {
        "origin": 0,
        "fPath": "",
        "fClass": "",
        "fFamily": "SourceHanSansCN",
        "fWeight": "",
        "fStyle": "",
        "fName": "SourceHanSansCN-Normal",
        "ascent": 73.5989987850189
      }
    ]
  },
  "layers": [
    {
      "ddd": 0,
      "ind": 1,
      "ty": 0,
      "nm": "上滑",
      "refId": "comp_0",
      "sr": 1,
      "ks": {
        "o": { "a": 0, "k": 68.359, "ix": 11 },
        "r": { "a": 0, "k": 0, "ix": 10 },
        "p": {
          "a": 1,
          "k": [
            {
              "i": { "x": 0.667, "y": 1 },
              "o": { "x": 0.7, "y": 0 },
              "t": 0,
              "s": [375, 75.388, 0],
              "to": [0, 0, 0],
              "ti": [0, 0, 0]
            },
            {
              "i": { "x": 0.667, "y": 1 },
              "o": { "x": 0.333, "y": 0 },
              "t": 10.229,
              "s": [375, 32.388, 0],
              "to": [0, 0, 0],
              "ti": [0, 0, 0]
            },
            {
              "i": { "x": 0.667, "y": 1 },
              "o": { "x": 0.7, "y": 0 },
              "t": 20.46,
              "s": [375, 75.388, 0],
              "to": [0, 0, 0],
              "ti": [0, 0, 0]
            },
            {
              "i": { "x": 0.667, "y": 1 },
              "o": { "x": 0.333, "y": 0 },
              "t": 30.689,
              "s": [375, 32.388, 0],
              "to": [0, 0, 0],
              "ti": [0, 0, 0]
            },
            {
              "i": { "x": 0.667, "y": 1 },
              "o": { "x": 0.7, "y": 0 },
              "t": 40.92,
              "s": [375, 75.388, 0],
              "to": [0, 0, 0],
              "ti": [0, 0, 0]
            },
            {
              "i": { "x": 0.667, "y": 1 },
              "o": { "x": 0.333, "y": 0 },
              "t": 51.15,
              "s": [375, 32.388, 0],
              "to": [0, 0, 0],
              "ti": [0, 0, 0]
            },
            {
              "i": { "x": 0.667, "y": 1 },
              "o": { "x": 0.7, "y": 0 },
              "t": 62.311,
              "s": [375, 75.388, 0],
              "to": [0, 0, 0],
              "ti": [0, 0, 0]
            },
            {
              "i": { "x": 0.667, "y": 1 },
              "o": { "x": 0.333, "y": 0 },
              "t": 72.54,
              "s": [375, 32.388, 0],
              "to": [0, 0, 0],
              "ti": [0, 0, 0]
            },
            {
              "i": { "x": 0.667, "y": 1 },
              "o": { "x": 0.7, "y": 0 },
              "t": 82.771,
              "s": [375, 75.388, 0],
              "to": [0, 0, 0],
              "ti": [0, 0, 0]
            },
            {
              "i": { "x": 0.667, "y": 1 },
              "o": { "x": 0.333, "y": 0 },
              "t": 93,
              "s": [375, 32.388, 0],
              "to": [0, 0, 0],
              "ti": [0, 0, 0]
            },
            {
              "i": { "x": 0.667, "y": 1 },
              "o": { "x": 0.7, "y": 0 },
              "t": 102,
              "s": [375, 75.388, 0],
              "to": [0, 0, 0],
              "ti": [0, 0, 0]
            },
            {
              "i": { "x": 0.667, "y": 1 },
              "o": { "x": 0.333, "y": 0 },
              "t": 111,
              "s": [375, 32.388, 0],
              "to": [0, 0, 0],
              "ti": [0, 0, 0]
            },
            { "t": 119, "s": [375, 75.388, 0] }
          ],
          "ix": 2
        },
        "a": { "a": 0, "k": [37, 23, 0], "ix": 1 },
        "s": { "a": 0, "k": [110, 110, 100], "ix": 6 }
      },
      "ao": 0,
      "w": 74,
      "h": 46,
      "ip": 0,
      "op": 120,
      "st": 0,
      "bm": 0
    },
    {
      "ddd": 0,
      "ind": 2,
      "ty": 0,
      "nm": "点击按钮",
      "refId": "comp_1",
      "sr": 1,
      "ks": {
        "o": { "a": 0, "k": 100, "ix": 11 },
        "r": { "a": 0, "k": 0, "ix": 10 },
        "p": { "a": 0, "k": [375, 232, 0], "ix": 2 },
        "a": { "a": 0, "k": [312, 135, 0], "ix": 1 },
        "s": { "a": 0, "k": [100, 100, 100], "ix": 6 }
      },
      "ao": 0,
      "w": 624,
      "h": 270,
      "ip": 0,
      "op": 120,
      "st": 0,
      "bm": 0
    }
  ],
  "markers": []
}
