{
  "data": {
    "feed_back_id": {
      "value": "'反馈'"
    },
    "left_reward_id": {
      "value": "KXC000008.rewardTxt(0)"
    },
    "right_reward_id": {
      "value": "KXC000008.rewardTxt(1)"
    },
    "right_skipview_id": {
      "value": {
        "title": "'跳过'",
        "bindId": "'vpaid'"
      }
    },
    "close_image_id": {
      "value": {
        "src": "'kitex://KXR00000000/icon_close.png'"
      }
    }
  },
  "event": {
    "feed_back_id": {
      "value": "javaScript",
      "script": "KXC000008.feedbackClick"
    }
  },
  "animation": {}
}