{
  "type": "RelativeContainer",
  "id": "root_id",
  "styleId": "root_id",
  "children": [
    {
      "type": "LottieView",
      "id": "lottie_id",
      "styleId": "lottie_id"
    },
    {
      "type": "Row",
      "id": "left_row_id",
      "styleId": "left_row_id",
      "children": [
        {
          "type": "Text",
          "id": "feed_back_id",
          "styleId": "feed_back_id"
        },
        {
          "type": "Text",
          "id": "left_reward_id",
          "styleId": "left_reward_id"
        }
      ]
    },
    {
      "type": "Row",
      "id": "right_row_id",
      "styleId": "right_row_id",
      "children": [
        {
          "type": "Text",
          "id": "right_reward_id",
          "styleId": "right_reward_id"
        },
        {
          "type": "SkipView",
          "id": "right_skipview_id",
          "styleId": "right_skipview_id"
        },
        {
          "type": "RelativeContainer",
          "id": "closed_id",
          "styleId": "closed_id",
          "children": [
            {
              "type": "Image",
              "id": "close_image_id",
              "styleId": "close_image_id"
            }
          ]
        }
      ]
    }
  ]
}
