{
  "root_id": {
    "width": "100%"
  },
  "lottie_id": {
    "width": "100%",
    "height": "100%"
  },
  "left_row_id": {
    "height": 30,
    "spacing": 10,
    "alignItems": "VerticalAlign.Center",
    "justifyContent": "FlexAlign.Start",
    "margin": {
      "top": "safeArea().top",
      "left": 10
    },
    "alignRules": {
      "top": {
        "anchor": "__container__",
        "align": "VerticalAlign.Top"
      },
      "left": {
        "anchor": "__container__",
        "align": "HorizontalAlign.Start"
      }
    }
  },
  "right_row_id": {
    "height": 30,
    "spacing": 10,
    "alignItems": "VerticalAlign.Center",
    "justifyContent": "FlexAlign.Start",
    "margin": {
      "top": "safeArea().top",
      "right": 10
    },
    "alignRules": {
      "top": {
        "anchor": "__container__",
        "align": "VerticalAlign.Top"
      },
      "right": {
        "anchor": "__container__",
        "align": "HorizontalAlign.End"
      }
    }
  },
  "left_reward_id": {
    "visibility": "KXC000008.setting.reward_state == 1 ? 'Visibility.Visible' : 'Visibility.None'",
    "extends": ["tool_id", "background_border_style", "text_id"]
  },
  "right_reward_id": {
    "visibility": "KXC000008.setting.retry_state == 1 ? 'Visibility.Visible' : 'Visibility.None'",
    "extends": ["tool_id", "background_border_style", "text_id"]
  },
  "closed_id": {
    "height": 30,
    "width": 30,
    "borderRadius": 15,
    "visibility": "KXC000008.setting.closed_state == 1 ? 'Visibility.Visible' : 'Visibility.None'",
    "extends": [
      "background_style", "background_border_style"
    ]
  },
  "close_image_id": {
    "width": 15,
    "height": 15,
    "imageFit": "ImageFitMode.Contain",
    "hitTestBehavior": "HitTestMode.Transparent",
    "alignRules": {
      "middle": {
        "anchor": "__container__",
        "align": "HorizontalAlign.Center"
      },
      "center": {
        "anchor": "__container__",
        "align": "VerticalAlign.Center"
      }
    }
  },
  "feed_back_id": {
    "extends": ["tool_id", "background_border_style", "text_id"]
  },
  "right_skipview_id": {
    "height": 30,
    "onlySkipTxt": true,
    "extends": [
      "background_style", "background_border_style"
    ],
    "fontColor": "#ffffff",
    "fontSize": 15
  },

  "extend": {
    "background_style": {
      "backgroundColor": "#00000066"
    },
    "background_border_style": {
      "backgroundColor": "#00000066",
      "borderWidth": 1,
      "borderColor": "#ffffff66"
    },
    "tool_id": {
      "height": 30,
      "borderRadius": 15,
      "fontColor": "#ffffff",
      "fontSize": 15,
      "padding": {
        "top": 5,
        "bottom": 5,
        "left": 10,
        "right": 10
      }
    }
  }
}
