{"v":"5.6.9","fr":24,"ip":0,"op":149,"w":750,"h":1624,"nm":"_BG_01_","ddd":0,"assets":[{"id":"image_0","w":496,"h":280,"u":"images/","p":"img_0.png","e":0},{"id":"image_1","w":498,"h":884,"u":"images/","p":"img_1.png","e":0},{"id":"image_2","w":375,"h":812,"u":"images/","p":"img_2.jpg","e":0}],"fonts":{"list":[{"origin":0,"fPath":"","fClass":"","fFamily":"SimHei","fWeight":"","fStyle":"","fName":"SimHei","ascent":73.5989987850189}]},"layers":[{"ddd":0,"ind":1,"ty":5,"nm":"_AD_TITLE_","sr":1,"ks":{"o":{"a":0,"k":100,"ix":11},"r":{"a":0,"k":0,"ix":10},"p":{"a":0,"k":[373.703,226,0],"ix":2},"a":{"a":0,"k":[268,-36,0],"ix":1},"s":{"a":0,"k":[100,100,100],"ix":6}},"ao":0,"t":{"d":{"k":[{"s":{"s":90,"f":"SimHei","t":"今日热门推荐","j":0,"tr":0,"lh":108,"ls":0,"fc":[0.075,0.455,1],"sc":[1,1,1],"sw":14,"of":false},"t":0}]},"p":{},"m":{"g":1,"a":{"a":0,"k":[0,0],"ix":2}},"a":[]},"ip":0,"op":155,"st":0,"bm":0},{"ddd":0,"ind":2,"ty":2,"nm":"_GRADIENT_","refId":"image_0","sr":1,"ks":{"o":{"a":0,"k":100,"ix":11},"r":{"a":0,"k":0,"ix":10},"p":{"a":0,"k":[375,1112,0],"ix":2},"a":{"a":0,"k":[248,140,0],"ix":1},"s":{"a":0,"k":[100,100,100],"ix":6}},"ao":0,"ip":0,"op":149,"st":0,"bm":0},{"ddd":0,"ind":3,"ty":2,"nm":"_BG_VIDO_","refId":"image_1","sr":1,"ks":{"o":{"a":0,"k":100,"ix":11},"r":{"a":0,"k":0,"ix":10},"p":{"a":0,"k":[375,810,0],"ix":2},"a":{"a":0,"k":[249,442,0],"ix":1},"s":{"a":0,"k":[100,100,100],"ix":6}},"ao":0,"ip":0,"op":149,"st":0,"bm":0},{"ddd":0,"ind":4,"ty":2,"nm":"_BG_02_","refId":"image_2","sr":1,"ks":{"o":{"a":0,"k":100,"ix":11},"r":{"a":0,"k":0,"ix":10},"p":{"a":0,"k":[375,812,0],"ix":2},"a":{"a":0,"k":[187.5,406,0],"ix":1},"s":{"a":0,"k":[200,200,100],"ix":6}},"ao":0,"ip":0,"op":149,"st":0,"bm":0}],"markers":[]}