{
  "data": {
    "vpaid_id": {
      "value": {
        "safeArea": "safeArea()"
      }
    },
    "control_right_skipview_id": {
      "value": {
        "title": "'跳过'",
        "bindId": "'vpaid'",
        "scale": 1.0
      }
    },
    "control_right_sound_id": {
      "value": {
        "src": "main.setting.if_mute === true ? 'kitex://KXR00000000/icon_sound_off.png' : 'kitex://KXR00000000/icon_sound_on.png'"
      }
    },
    "control_feed_back_id": {
      "value": "'反馈'"
    },
    "text_timer_text_id": {
      "value": "main.setting.countDownState === 0 ? 's后获得奖励' : '已获得奖励'"
    },
    "text_timer_id": {
      "value": {
        "bindId": "'vpaid'"
      }
    },
    "logo_icon": {
      "value": {
        "src": "'${ads[0].ad_source_logo}'"
      }
    },
    "logo_text": {
      "value": "'广告'"
    }
  },
  "event":{
    "control_right_sound_id": {
      "value": "javaScript",
      "script": "main.event.soundClick",
      "params": {
        "nodeId": "'control_right_sound_id'"
      }
    },
    "control_right_skipview_id": {
      "value": "javaScript",
      "script": "main.event.skipClick",
      "params": {
        "nodeId": "'control_right_skipview_id'"
      }
    },
    "control_feed_back_id": {
      "value": "javaScript",
      "script": "main.event.feedbackClick",
      "params": {
        "nodeId": "'control_feed_back_id'"
      }
    }
  },
  "animation":{}
}