{
  "type": "RelativeContainer",
  "id": "root_id",
  "styleId": "root_id",
  "children": [
    {
      "type": "Template",
      "id": "endcard_id",
      "styleId": "endcard_id"
    },
    {
      "type": "Template",
      "id": "vpaid_id",
      "styleId": "vpaid_id"
    },
    {
      "type": "RelativeContainer",
      "id": "vpaid_control_root_id",
      "styleId": "vpaid_control_root_id",
      "children": [
        {
          "type": "Row",
          "id": "control_right_row_id",
          "styleId": "control_right_row_id",
          "children": [
            {
              "type": "SkipView",
              "id": "control_right_skipview_id",
              "styleId": "control_right_skipview_id"
            },
            {
              "type": "RelativeContainer",
              "id": "control_right_sound_container",
              "styleId": "control_right_sound_container",
              "children": [
                {
                  "type": "Image",
                  "id": "control_right_sound_id",
                  "styleId": "control_right_sound_id"
                }
              ]
            }
          ]
        },
        {
          "type": "Row",
          "id": "control_left_row_id",
          "styleId": "control_left_row_id",
          "children": [
            {
              "type": "Text",
              "id": "control_feed_back_id",
              "styleId": "feed_back_id"
            },
            {
              "type": "Row",
              "id": "text_timer_container_id",
              "styleId": "text_timer_container_id",
              "children": [
                {
                  "type": "TextTimer",
                  "id": "text_timer_id",
                  "styleId": "text_id"
                },
                {
                  "type": "Text",
                  "id": "text_timer_text_id",
                  "styleId": "text_id"
                }
              ]
            }
          ]
        },
        {
          "type": "Template",
          "id": "companion_id",
          "styleId": "companion_id"
        }
      ]
    },
    {
      "type": "Row",
      "id": "logo_container",
      "styleId": "logo_container",
      "children": [
        {
          "type": "Image",
          "id": "logo_icon",
          "styleId": "logo_icon"
        },
        {
          "type": "Text",
          "id": "logo_text",
          "styleId": "logo_text"
        }
      ]
    }
  ]
}