{
  "root_id": {
    "width": "100%",
    "height": "100%",
    "backgroundColor": "transparent"
  },
  "vpaid_id": {
    "width": "100%",
    "height": "100%",
    "backgroundColor": "black",
    "tid": "KXC000001"
  },
  "companion_id": {
    "width": "90%",
    "height": 80,
    "tid": "KXC000004",
    "backgroundColor": "white",
    "borderRadius": 10,
    "margin": {
      "bottom": 20
    },
    "alignRules": {
      "bottom": {
        "anchor": "__container__",
        "align": "VerticalAlign.Bottom"
      },
      "middle": {
        "anchor": "__container__",
        "align": "HorizontalAlign.Center"
      }
    }
  },
  "vpaid_control_root_id": {
    "width": "100%",
    "height": "100%",
    "backgroundColor": "#ff000032",
    "padding": {
      "top": "safeArea().top",
      "bottom": "safeArea().bottom",
      "left": 10,
      "right": 10
    }
  },
  "control_right_row_id": {
    "height": 30,
    "spacing": 10,
    "backgroundColor": "transparent",
    "alignItems": "VerticalAlign.Center",
    "justifyContent": "FlexAlign.Start",
    "alignRules": {
      "top": {
        "anchor": "__container__",
        "align": "VerticalAlign.Top"
      },
      "right": {
        "anchor": "__container__",
        "align": "HorizontalAlign.End"
      }
    }
  },
  "control_left_row_id": {
    "height": 30,
    "spacing": 10,
    "alignItems": "VerticalAlign.Center",
    "justifyContent": "FlexAlign.Start",
    "alignRules": {
      "top": {
        "anchor": "__container__",
        "align": "VerticalAlign.Top"
      },
      "left": {
        "anchor": "__container__",
        "align": "HorizontalAlign.Start"
      }
    }
  },
  "control_right_skipview_id": {
    "height": 30,
    "extends": [
      "background_style", "background_border_style"
    ],
    "fontColor": "#ffffff",
    "fontSize": 15
  },
  "control_right_sound_container": {
    "height": 30,
    "width": 30,
    "borderRadius": 15,
    "alignItems": "VerticalAlign.Center",
    "justifyContent": "FlexAlign.Center",
    "extends": [
      "background_style", "background_border_style"
    ]
  },
  "control_right_sound_id": {
    "width": 20,
    "height": 20,
    "imageFit": "ImageFitMode.Contain",
    "alignRules": {
      "middle": {
        "anchor": "__container__",
        "align": "HorizontalAlign.Center"
      },
      "center": {
        "anchor": "__container__",
        "align": "VerticalAlign.Center"
      }
    }
  },
  "feed_back_id": {
    "height": 30,
    "borderRadius": 15,
    "fontColor": "#ffffff",
    "fontSize": 15,
    "padding": {
      "top": 5,
      "bottom": 5,
      "left": 10,
      "right": 10
    },
    "extends": [
      "background_border_style", "text_id"
    ]
  },
  "text_timer_container_id": {
    "height": 30,
    "borderRadius": 15,
    "visibility": "main.setting.reward_style == 1 ? 'Visibility.Visible' : 'Visibility.None'",
    "padding": {
      "top": 5,
      "bottom": 5,
      "left": 10,
      "right": 10
    },
    "extends": [
      "background_border_style"
    ]
  },
  "text_id": {
    "fontColor": "#ffffff",
    "fontSize": 15
  },
  "endcard_id": {
    "width": "100%",
    "height": "100%",
    "tid": "KXC11501"
  },
  "logo_container": {
    "height": 10,
    "justifyContent": "FlexAlign.Start",
    "alignItems": "VerticalAlign.Center",
    "margin": {
      "left": "safeArea().bottom > 0 ? 20 : 0",
      "bottom": "safeArea().bottom || 15 - 15"
    },
    "alignRules": {
      "left": {
        "anchor": "__container__",
        "align": "HorizontalAlign.Start"
      },
      "bottom": {
        "anchor": "__container__",
        "align": "VerticalAlign.Bottom"
      }
    }
  },
  "logo_icon": {
    "width": 10,
    "height": 10,
    "imageFit": "ImageFitMode.Contain"
  },
  "logo_text": {
    "height": 10,
    "fontSize": 10,
    "fontColor": "gray"
  },
  "extend": {
    "background_style": {
      "backgroundColor": "#00000066"
    },
    "background_border_style": {
      "backgroundColor": "#00000066",
      "borderWidth": 1,
      "borderColor": "#ffffff66"
    }
  }
}