{"v":"5.6.9","fr":24,"ip":0,"op":120,"w":750,"h":1624,"nm":"报纸-横","ddd":0,"assets":[{"id":"image_0","w":112,"h":112,"u":"images/","p":"img_0.png","e":0},{"id":"image_1","w":290,"h":164,"u":"images/","p":"img_1.jpg","e":0},{"id":"image_2","w":387,"h":517,"u":"images/","p":"img_2.png","e":0},{"id":"image_3","w":375,"h":812,"u":"images/","p":"img_3.jpg","e":0}],"fonts":{"list":[{"origin":0,"fPath":"","fClass":"","fFamily":"Songti SC","fWeight":"","fStyle":"Regular","fName":"STSongti-SC-Regular","ascent":66.3985960185528},{"origin":0,"fPath":"","fClass":"","fFamily":"Songti SC","fWeight":"","fStyle":"Bold","fName":"STSongti-SC-Bold","ascent":66.3985960185528}]},"layers":[{"ddd":0,"ind":2,"ty":5,"nm":"_CTA_TEXT_","sr":1,"ks":{"o":{"a":0,"k":100,"ix":11},"r":{"a":0,"k":-2,"ix":10},"p":{"a":0,"k":[395.396,1151.365,0],"ix":2},"a":{"a":0,"k":[0,0,0],"ix":1},"s":{"a":0,"k":[100,100,100],"ix":6}},"ao":0,"t":{"d":{"k":[{"s":{"s":26,"f":"STSongti-SC-Bold","t":"CTA文案相对于按钮居中不超过十八个字…","j":2,"tr":0,"lh":31.2,"ls":0,"fc":[1,1,1]},"t":0}]},"p":{},"m":{"g":1,"a":{"a":0,"k":[0,0],"ix":2}},"a":[]},"ip":0,"op":120,"st":0,"bm":0},{"ddd":0,"ind":3,"ty":4,"nm":"_CTA_BG_","sr":1,"ks":{"o":{"a":0,"k":100,"ix":11},"r":{"a":0,"k":-2,"ix":10},"p":{"a":0,"k":[363.604,804,0],"ix":2},"a":{"a":0,"k":[0,0,0],"ix":1},"s":{"a":0,"k":[100,100,100],"ix":6}},"ao":0,"shapes":[{"ty":"gr","it":[{"ty":"rc","d":1,"s":{"a":0,"k":[580,72],"ix":2},"p":{"a":0,"k":[0,0],"ix":3},"r":{"a":0,"k":187,"ix":4},"nm":"矩形路径 1","mn":"ADBE Vector Shape - Rect","hd":false},{"ty":"fl","c":{"a":0,"k":[1,0.254901975393,0.231372565031,1],"ix":4},"o":{"a":0,"k":100,"ix":5},"r":1,"bm":0,"nm":"填充 1","mn":"ADBE Vector Graphic - Fill","hd":false},{"ty":"tr","p":{"a":0,"k":[15.181,340.165],"ix":2},"a":{"a":0,"k":[0,0],"ix":1},"s":{"a":0,"k":[100,100],"ix":3},"r":{"a":0,"k":0,"ix":6},"o":{"a":0,"k":100,"ix":7},"sk":{"a":0,"k":0,"ix":4},"sa":{"a":0,"k":0,"ix":5},"nm":"变换"}],"nm":"矩形 1","np":3,"cix":2,"bm":0,"ix":1,"mn":"ADBE Vector Group","hd":false}],"ip":0,"op":120,"st":0,"bm":0},{"ddd":0,"ind":4,"ty":5,"nm":"_AD_DESC_","sr":1,"ks":{"o":{"a":0,"k":100,"ix":11},"r":{"a":0,"k":-2,"ix":10},"p":{"a":0,"k":[258,1012,0],"ix":2},"a":{"a":0,"k":[0,0,0],"ix":1},"s":{"a":0,"k":[100,100,100],"ix":6}},"ao":0,"t":{"d":{"k":[{"s":{"s":24,"f":"STSongti-SC-Bold","t":"应用描述描述","j":0,"tr":0,"lh":28.8,"ls":0,"fc":[0,0,0]},"t":0}]},"p":{},"m":{"g":1,"a":{"a":0,"k":[0,0],"ix":2}},"a":[]},"ip":0,"op":120,"st":0,"bm":0},{"ddd":0,"ind":5,"ty":5,"nm":"_APP_NAME_","sr":1,"ks":{"o":{"a":0,"k":100,"ix":11},"r":{"a":0,"k":-2,"ix":10},"p":{"a":0,"k":[258,972,0],"ix":2},"a":{"a":0,"k":[0,0,0],"ix":1},"s":{"a":0,"k":[100,100,100],"ix":6}},"ao":0,"t":{"d":{"k":[{"s":{"s":28,"f":"STSongti-SC-Bold","t":"应用名称…","j":0,"tr":0,"lh":33.6,"ls":0,"fc":[0,0,0]},"t":0}]},"p":{},"m":{"g":1,"a":{"a":0,"k":[0,0],"ix":2}},"a":[]},"ip":0,"op":120,"st":0,"bm":0},{"ddd":0,"ind":6,"ty":2,"nm":"_APP_ICON_","refId":"image_0","sr":1,"ks":{"o":{"a":0,"k":100,"ix":11},"r":{"a":0,"k":-2,"ix":10},"p":{"a":0,"k":[185,986,0],"ix":2},"a":{"a":0,"k":[56,56,0],"ix":1},"s":{"a":0,"k":[100,100,100],"ix":6}},"ao":0,"ip":0,"op":120,"st":0,"bm":0},{"ddd":0,"ind":7,"ty":5,"nm":"_DATE_","sr":1,"ks":{"o":{"a":0,"k":100,"ix":11},"r":{"a":0,"k":-2,"ix":10},"p":{"a":0,"k":[534,326.5,0],"ix":2},"a":{"a":0,"k":[0,0,0],"ix":1},"s":{"a":0,"k":[100,100,100],"ix":6}},"ao":0,"t":{"d":{"k":[{"s":{"s":22,"f":"STSongti-SC-Bold","t":"2025年7月18日","j":2,"tr":0,"lh":26.4,"ls":0,"fc":[1,0.255,0.231]},"t":0}]},"p":{},"m":{"g":1,"a":{"a":0,"k":[0,0],"ix":2}},"a":[]},"ip":0,"op":120,"st":0,"bm":0},{"ddd":0,"ind":8,"ty":5,"nm":"_AD_TITLE_","sr":1,"ks":{"o":{"a":0,"k":100,"ix":11},"r":{"a":0,"k":-2,"ix":10},"p":{"a":0,"k":[158,472,0],"ix":2},"a":{"a":0,"k":[0,0,0],"ix":1},"s":{"a":0,"k":[100,100,100],"ix":6}},"ao":0,"t":{"d":{"k":[{"s":{"s":100,"f":"STSongti-SC-Regular","t":"今日热门","j":0,"tr":0,"lh":120,"ls":0,"fc":[1,1,1]},"t":0}]},"p":{},"m":{"g":1,"a":{"a":0,"k":[0,0],"ix":2}},"a":[]},"ip":0,"op":120,"st":0,"bm":0},{"ddd":0,"ind":9,"ty":2,"nm":"_BG_POSITION_","refId":"image_1","sr":1,"ks":{"o":{"a":0,"k":100,"ix":11},"r":{"a":0,"k":-2,"ix":10},"p":{"a":0,"k":[374,696,0],"ix":2},"a":{"a":0,"k":[145,82,0],"ix":1},"s":{"a":0,"k":[200,200,100],"ix":6}},"ao":0,"ip":0,"op":120,"st":0,"bm":0},{"ddd":0,"ind":10,"ty":2,"nm":"_BG_NEWS_H","refId":"image_2","sr":1,"ks":{"o":{"a":0,"k":100,"ix":11},"r":{"a":0,"k":0,"ix":10},"p":{"a":0,"k":[375,744,0],"ix":2},"a":{"a":0,"k":[193.5,258.5,0],"ix":1},"s":{"a":0,"k":[200,200,100],"ix":6}},"ao":0,"ip":0,"op":120,"st":0,"bm":0},{"ddd":0,"ind":11,"ty":2,"nm":"_BG_NEWS_","refId":"image_3","sr":1,"ks":{"o":{"a":0,"k":100,"ix":11},"r":{"a":0,"k":0,"ix":10},"p":{"a":0,"k":[375,812,0],"ix":2},"a":{"a":0,"k":[187.5,406,0],"ix":1},"s":{"a":0,"k":[200,200,100],"ix":6}},"ao":0,"ip":0,"op":120,"st":0,"bm":0}],"markers":[]}