{"v":"5.6.9","fr":24,"ip":0,"op":56,"w":750,"h":1334,"nm":"前倾手机至banner动效","ddd":1,"assets":[{"id":"image_0","w":665,"h":290,"u":"images/","p":"_CLICK_.png","e":0},{"id":"image_1","w":215,"h":273,"u":"images/","p":"_CLICK__0.png","e":0},{"id":"image_2","w":56,"h":32,"u":"images/","p":"_BG_COUNTDOWN_.png","e":0},{"id":"image_3","w":137,"h":213,"u":"images/","p":"hot.png","e":0},{"id":"image_4","w":64,"h":64,"u":"images/","p":"_____.png","e":0},{"id":"imgSeq_0","w":260,"h":270,"t":"seq","u":"images/","p":"____00000-00017_.png","e":0},{"id":"imgSeq_1","w":260,"h":270,"t":"seq","u":"images/","p":"____00000-00017__1.png","e":0},{"id":"imgSeq_2","w":260,"h":270,"t":"seq","u":"images/","p":"____00000-00017__2.png","e":0},{"id":"imgSeq_3","w":260,"h":270,"t":"seq","u":"images/","p":"____00000-00017__3.png","e":0},{"id":"imgSeq_4","w":260,"h":270,"t":"seq","u":"images/","p":"____00000-00017__4.png","e":0},{"id":"imgSeq_5","w":260,"h":270,"t":"seq","u":"images/","p":"____00000-00017__5.png","e":0},{"id":"imgSeq_6","w":260,"h":270,"t":"seq","u":"images/","p":"____00000-00017__6.png","e":0},{"id":"imgSeq_7","w":260,"h":270,"t":"seq","u":"images/","p":"____00000-00017__7.png","e":0},{"id":"imgSeq_8","w":260,"h":270,"t":"seq","u":"images/","p":"____00000-00017__8.png","e":0},{"id":"imgSeq_9","w":260,"h":270,"t":"seq","u":"images/","p":"____00000-00017__9.png","e":0},{"id":"imgSeq_10","w":260,"h":270,"t":"seq","u":"images/","p":"____00000-00017__10.png","e":0},{"id":"imgSeq_11","w":260,"h":270,"t":"seq","u":"images/","p":"____00000-00017__11.png","e":0},{"id":"imgSeq_12","w":260,"h":270,"t":"seq","u":"images/","p":"____00000-00017__12.png","e":0},{"id":"imgSeq_13","w":260,"h":270,"t":"seq","u":"images/","p":"____00000-00017__13.png","e":0},{"id":"imgSeq_14","w":260,"h":270,"t":"seq","u":"images/","p":"____00000-00017__14.png","e":0},{"id":"imgSeq_15","w":260,"h":270,"t":"seq","u":"images/","p":"____00000-00017__15.png","e":0},{"id":"imgSeq_16","w":260,"h":270,"t":"seq","u":"images/","p":"____00000-00017__16.png","e":0},{"id":"imgSeq_17","w":260,"h":270,"t":"seq","u":"images/","p":"____00000-00017__17.png","e":0},{"id":"comp_0","layers":[{"ddd":0,"ind":1,"ty":0,"nm":"前倾_[00000-00017].png","cl":"png","refId":"sequence_0","sr":1,"ks":{"o":{"a":0,"k":100,"ix":11},"r":{"a":0,"k":0,"ix":10},"p":{"a":0,"k":[130,135,0],"ix":2},"a":{"a":0,"k":[130,135,0],"ix":1},"s":{"a":0,"k":[100,100,100],"ix":6}},"ao":0,"w":260,"h":270,"ip":0,"op":14.4,"st":0,"bm":0}]},{"id":"sequence_0","layers":[{"ty":2,"sc":"#00ffff","refId":"imgSeq_0","ks":{"p":{"a":0,"k":[0,0]},"a":{"a":0,"k":[0,0]},"s":{"a":0,"k":[100,100]},"r":{"a":0,"k":[0]},"o":{"a":0,"k":[100]}},"ip":0,"st":0,"op":1,"sr":1,"bm":0},{"ty":2,"sc":"#00ffff","refId":"imgSeq_1","ks":{"p":{"a":0,"k":[0,0]},"a":{"a":0,"k":[0,0]},"s":{"a":0,"k":[100,100]},"r":{"a":0,"k":[0]},"o":{"a":0,"k":[100]}},"ip":1,"st":1,"op":2,"sr":1,"bm":0},{"ty":2,"sc":"#00ffff","refId":"imgSeq_2","ks":{"p":{"a":0,"k":[0,0]},"a":{"a":0,"k":[0,0]},"s":{"a":0,"k":[100,100]},"r":{"a":0,"k":[0]},"o":{"a":0,"k":[100]}},"ip":2,"st":2,"op":3,"sr":1,"bm":0},{"ty":2,"sc":"#00ffff","refId":"imgSeq_3","ks":{"p":{"a":0,"k":[0,0]},"a":{"a":0,"k":[0,0]},"s":{"a":0,"k":[100,100]},"r":{"a":0,"k":[0]},"o":{"a":0,"k":[100]}},"ip":3,"st":3,"op":4,"sr":1,"bm":0},{"ty":2,"sc":"#00ffff","refId":"imgSeq_4","ks":{"p":{"a":0,"k":[0,0]},"a":{"a":0,"k":[0,0]},"s":{"a":0,"k":[100,100]},"r":{"a":0,"k":[0]},"o":{"a":0,"k":[100]}},"ip":4,"st":4,"op":5,"sr":1,"bm":0},{"ty":2,"sc":"#00ffff","refId":"imgSeq_5","ks":{"p":{"a":0,"k":[0,0]},"a":{"a":0,"k":[0,0]},"s":{"a":0,"k":[100,100]},"r":{"a":0,"k":[0]},"o":{"a":0,"k":[100]}},"ip":5,"st":5,"op":6,"sr":1,"bm":0},{"ty":2,"sc":"#00ffff","refId":"imgSeq_6","ks":{"p":{"a":0,"k":[0,0]},"a":{"a":0,"k":[0,0]},"s":{"a":0,"k":[100,100]},"r":{"a":0,"k":[0]},"o":{"a":0,"k":[100]}},"ip":6,"st":6,"op":7,"sr":1,"bm":0},{"ty":2,"sc":"#00ffff","refId":"imgSeq_7","ks":{"p":{"a":0,"k":[0,0]},"a":{"a":0,"k":[0,0]},"s":{"a":0,"k":[100,100]},"r":{"a":0,"k":[0]},"o":{"a":0,"k":[100]}},"ip":7,"st":7,"op":8,"sr":1,"bm":0},{"ty":2,"sc":"#00ffff","refId":"imgSeq_8","ks":{"p":{"a":0,"k":[0,0]},"a":{"a":0,"k":[0,0]},"s":{"a":0,"k":[100,100]},"r":{"a":0,"k":[0]},"o":{"a":0,"k":[100]}},"ip":8,"st":8,"op":9,"sr":1,"bm":0},{"ty":2,"sc":"#00ffff","refId":"imgSeq_9","ks":{"p":{"a":0,"k":[0,0]},"a":{"a":0,"k":[0,0]},"s":{"a":0,"k":[100,100]},"r":{"a":0,"k":[0]},"o":{"a":0,"k":[100]}},"ip":9,"st":9,"op":10,"sr":1,"bm":0},{"ty":2,"sc":"#00ffff","refId":"imgSeq_10","ks":{"p":{"a":0,"k":[0,0]},"a":{"a":0,"k":[0,0]},"s":{"a":0,"k":[100,100]},"r":{"a":0,"k":[0]},"o":{"a":0,"k":[100]}},"ip":10,"st":10,"op":11,"sr":1,"bm":0},{"ty":2,"sc":"#00ffff","refId":"imgSeq_11","ks":{"p":{"a":0,"k":[0,0]},"a":{"a":0,"k":[0,0]},"s":{"a":0,"k":[100,100]},"r":{"a":0,"k":[0]},"o":{"a":0,"k":[100]}},"ip":11,"st":11,"op":12,"sr":1,"bm":0},{"ty":2,"sc":"#00ffff","refId":"imgSeq_12","ks":{"p":{"a":0,"k":[0,0]},"a":{"a":0,"k":[0,0]},"s":{"a":0,"k":[100,100]},"r":{"a":0,"k":[0]},"o":{"a":0,"k":[100]}},"ip":12,"st":12,"op":13,"sr":1,"bm":0},{"ty":2,"sc":"#00ffff","refId":"imgSeq_13","ks":{"p":{"a":0,"k":[0,0]},"a":{"a":0,"k":[0,0]},"s":{"a":0,"k":[100,100]},"r":{"a":0,"k":[0]},"o":{"a":0,"k":[100]}},"ip":13,"st":13,"op":14,"sr":1,"bm":0},{"ty":2,"sc":"#00ffff","refId":"imgSeq_14","ks":{"p":{"a":0,"k":[0,0]},"a":{"a":0,"k":[0,0]},"s":{"a":0,"k":[100,100]},"r":{"a":0,"k":[0]},"o":{"a":0,"k":[100]}},"ip":14,"st":14,"op":15,"sr":1,"bm":0},{"ty":2,"sc":"#00ffff","refId":"imgSeq_15","ks":{"p":{"a":0,"k":[0,0]},"a":{"a":0,"k":[0,0]},"s":{"a":0,"k":[100,100]},"r":{"a":0,"k":[0]},"o":{"a":0,"k":[100]}},"ip":15,"st":15,"op":16,"sr":1,"bm":0},{"ty":2,"sc":"#00ffff","refId":"imgSeq_16","ks":{"p":{"a":0,"k":[0,0]},"a":{"a":0,"k":[0,0]},"s":{"a":0,"k":[100,100]},"r":{"a":0,"k":[0]},"o":{"a":0,"k":[100]}},"ip":16,"st":16,"op":17,"sr":1,"bm":0},{"ty":2,"sc":"#00ffff","refId":"imgSeq_17","ks":{"p":{"a":0,"k":[0,0]},"a":{"a":0,"k":[0,0]},"s":{"a":0,"k":[100,100]},"r":{"a":0,"k":[0]},"o":{"a":0,"k":[100]}},"ip":17,"st":17,"op":19,"sr":1,"bm":0}]},{"id":"comp_1","layers":[{"ddd":0,"ind":2,"ty":5,"nm":"_INT_TEXT_","sr":1,"ks":{"o":{"a":0,"k":100,"ix":11},"r":{"a":0,"k":0,"ix":10},"p":{"a":0,"k":[375.768,1270,0],"ix":2},"a":{"a":0,"k":[0,0,0],"ix":1},"s":{"a":0,"k":[100,100,100],"ix":6}},"ao":0,"t":{"d":{"k":[{"s":{"s":24,"f":"STHeitiSC-Medium","t":"XXX跳转至第三方平台","j":2,"tr":0,"lh":28.8,"ls":0,"fc":[1,1,1]},"t":0}]},"p":{},"m":{"g":1,"a":{"a":0,"k":[0,0],"ix":2}},"a":[]},"ip":0,"op":291,"st":0,"bm":0},{"ddd":0,"ind":3,"ty":2,"nm":"_BG_COUNTDOWN_","refId":"image_2","sr":1,"ks":{"o":{"a":0,"k":100,"ix":11},"r":{"a":0,"k":0,"ix":10},"p":{"a":0,"k":[429,1050,0],"ix":2},"a":{"a":0,"k":[28,16,0],"ix":1},"s":{"a":0,"k":[100,100,100],"ix":6}},"ao":0,"ip":0,"op":291,"st":0,"bm":0},{"ddd":0,"ind":4,"ty":4,"nm":"_BG_SWING_","sr":1,"ks":{"o":{"a":0,"k":100,"ix":11},"r":{"a":0,"k":0,"ix":10},"p":{"a":0,"k":[604.5,1154,0],"ix":2},"a":{"a":0,"k":[229.5,29,0],"ix":1},"s":{"a":0,"k":[100,100,100],"ix":6}},"ao":0,"shapes":[{"ty":"gr","it":[{"d":1,"ty":"el","s":{"a":0,"k":[113,113],"ix":2},"p":{"a":0,"k":[0,0],"ix":3},"nm":"椭圆路径 1","mn":"ADBE Vector Shape - Ellipse","hd":false},{"ty":"fl","c":{"a":0,"k":[0.698039233685,0.698039233685,0.698039233685,1],"ix":4},"o":{"a":0,"k":100,"ix":5},"r":1,"bm":0,"nm":"填充 1","mn":"ADBE Vector Graphic - Fill","hd":false},{"ty":"tr","p":{"a":0,"k":[227.5,31.5],"ix":2},"a":{"a":0,"k":[0,0],"ix":1},"s":{"a":0,"k":[96.49,96.49],"ix":3},"r":{"a":0,"k":0,"ix":6},"o":{"a":0,"k":100,"ix":7},"sk":{"a":0,"k":0,"ix":4},"sa":{"a":0,"k":0,"ix":5},"nm":"变换"}],"nm":"椭圆 1","np":3,"cix":2,"bm":0,"ix":1,"mn":"ADBE Vector Group","hd":false}],"ip":0,"op":291,"st":0,"bm":0},{"ddd":0,"ind":5,"ty":2,"nm":"_ICON_HOT_","refId":"image_3","sr":1,"ks":{"o":{"a":0,"k":100,"ix":11},"r":{"a":0,"k":0,"ix":10},"p":{"a":0,"k":[127.551,1155.296,0],"ix":2},"a":{"a":0,"k":[68.5,106.5,0],"ix":1},"s":{"a":0,"k":[48,48,100],"ix":6}},"ao":0,"ip":0,"op":291,"st":0,"bm":0},{"ddd":0,"ind":6,"ty":2,"nm":"_ICON_GIFT_","refId":"image_4","sr":1,"ks":{"o":{"a":0,"k":100,"ix":11},"r":{"a":0,"k":0,"ix":10},"p":{"a":0,"k":[229.426,1048.685,0],"ix":2},"a":{"a":0,"k":[32,32,0],"ix":1},"s":{"a":0,"k":[48,48,100],"ix":6}},"ao":0,"ip":0,"op":291,"st":0,"bm":0},{"ddd":0,"ind":7,"ty":5,"nm":"_TIP_TEXT_RIGHT_","sr":1,"ks":{"o":{"a":0,"k":100,"ix":11},"r":{"a":0,"k":0,"ix":10},"p":{"a":0,"k":[465.654,1049.925,0],"ix":2},"a":{"a":0,"k":[0.924,-6.798,0],"ix":1},"s":{"a":0,"k":[100,100,100],"ix":6}},"ao":0,"t":{"d":{"k":[{"s":{"s":22,"f":"STSongti-SC-Regular","t":"后结束","j":0,"tr":62,"lh":26.4,"ls":0,"fc":[1,1,1]},"t":0}]},"p":{},"m":{"g":1,"a":{"a":0,"k":[0,0],"ix":2}},"a":[]},"ip":0,"op":291,"st":0,"bm":0},{"ddd":0,"ind":8,"ty":5,"nm":"_TIP_TEXT_LEFT_","sr":1,"ks":{"o":{"a":0,"k":100,"ix":11},"r":{"a":0,"k":0,"ix":10},"p":{"a":0,"k":[253.368,1049.925,0],"ix":2},"a":{"a":0,"k":[0.638,-6.776,0],"ix":1},"s":{"a":0,"k":[100,100,100],"ix":6}},"ao":0,"t":{"d":{"k":[{"s":{"s":22,"f":"STSongti-SC-Regular","t":"恭喜获得奖励","j":0,"tr":62,"lh":26.4,"ls":0,"fc":[1,1,1]},"t":0}]},"p":{},"m":{"g":1,"a":{"a":0,"k":[0,0],"ix":2}},"a":[]},"ip":0,"op":291,"st":0,"bm":0},{"ddd":0,"ind":9,"ty":5,"nm":"_AD_DESC_","sr":1,"ks":{"o":{"a":0,"k":100,"ix":11},"r":{"a":0,"k":0,"ix":10},"p":{"a":0,"k":[179,1183.223,0],"ix":2},"a":{"a":0,"k":[0.64,-9.52,0],"ix":1},"s":{"a":0,"k":[100,100,100],"ix":6}},"ao":0,"t":{"d":{"k":[{"s":{"s":32,"f":"STSongti-SC-Bold","t":"超级福利火热领取中","j":0,"tr":62,"lh":38.4,"ls":0,"fc":[0.2,0.2,0.2]},"t":0}]},"p":{},"m":{"g":1,"a":{"a":0,"k":[0,0],"ix":2}},"a":[]},"ip":0,"op":291,"st":0,"bm":0},{"ddd":0,"ind":10,"ty":5,"nm":"_AD_TITLE_","sr":1,"ks":{"o":{"a":0,"k":100,"ix":11},"r":{"a":0,"k":0,"ix":10},"p":{"a":0,"k":[181,1134.956,0],"ix":2},"a":{"a":0,"k":[2.398,-6.787,0],"ix":1},"s":{"a":0,"k":[100,100,100],"ix":6}},"ao":0,"t":{"d":{"k":[{"s":{"s":22,"f":"STSongti-SC-Regular","t":"限时获取 名额有限","j":0,"tr":62,"lh":26.4,"ls":0,"fc":[0.6,0.6,0.6]},"t":0}]},"p":{},"m":{"g":1,"a":{"a":0,"k":[0,0],"ix":2}},"a":[]},"ip":0,"op":291,"st":0,"bm":0},{"ddd":0,"ind":11,"ty":4,"nm":"_BG_AD_","sr":1,"ks":{"o":{"a":0,"k":100,"ix":11},"r":{"a":0,"k":0,"ix":10},"p":{"a":0,"k":[375,667,0],"ix":2},"a":{"a":0,"k":[0,0,0],"ix":1},"s":{"a":0,"k":[100,100,100],"ix":6}},"ao":0,"shapes":[{"ty":"gr","it":[{"ty":"rc","d":1,"s":{"a":0,"k":[627.711,157.215],"ix":2},"p":{"a":0,"k":[0,0],"ix":3},"r":{"a":0,"k":28,"ix":4},"nm":"矩形路径 1","mn":"ADBE Vector Shape - Rect","hd":false},{"ty":"fl","c":{"a":0,"k":[1,1,1,1],"ix":4},"o":{"a":0,"k":100,"ix":5},"r":1,"bm":0,"nm":"填充 1","mn":"ADBE Vector Graphic - Fill","hd":false},{"ty":"tr","p":{"a":0,"k":[-0.688,490.281],"ix":2},"a":{"a":0,"k":[0,0],"ix":1},"s":{"a":0,"k":[100,100],"ix":3},"r":{"a":0,"k":0,"ix":6},"o":{"a":0,"k":100,"ix":7},"sk":{"a":0,"k":0,"ix":4},"sa":{"a":0,"k":0,"ix":5},"nm":"变换"}],"nm":"矩形 1","np":3,"cix":2,"bm":0,"ix":1,"mn":"ADBE Vector Group","hd":false}],"ip":0,"op":291,"st":0,"bm":0},{"ddd":0,"ind":12,"ty":4,"nm":"_BG_TIME_","sr":1,"ks":{"o":{"a":0,"k":100,"ix":11},"r":{"a":0,"k":0,"ix":10},"p":{"a":0,"k":[61,1110.5,0],"ix":2},"a":{"a":0,"k":[-316,-18.5,0],"ix":1},"s":{"a":0,"k":[99.524,100,100],"ix":6}},"ao":0,"shapes":[{"ty":"gr","it":[{"ty":"rc","d":1,"s":{"a":0,"k":[630,192],"ix":2},"p":{"a":0,"k":[0,0],"ix":3},"r":{"a":0,"k":20,"ix":4},"nm":"矩形路径 1","mn":"ADBE Vector Shape - Rect","hd":false},{"ty":"fl","c":{"a":0,"k":[1,0.227450980392,0.41568627451,1],"ix":4},"o":{"a":0,"k":100,"ix":5},"r":1,"bm":0,"nm":"填充 1","mn":"ADBE Vector Graphic - Fill","hd":false},{"ty":"tr","p":{"a":0,"k":[-1,-18.5],"ix":2},"a":{"a":0,"k":[0,0],"ix":1},"s":{"a":0,"k":[100,100],"ix":3},"r":{"a":0,"k":0,"ix":6},"o":{"a":0,"k":100,"ix":7},"sk":{"a":0,"k":0,"ix":4},"sa":{"a":0,"k":0,"ix":5},"nm":"变换"}],"nm":"矩形 1","np":3,"cix":2,"bm":0,"ix":1,"mn":"ADBE Vector Group","hd":false}],"ip":0,"op":291,"st":0,"bm":0}]}],"fonts":{"list":[{"origin":0,"fPath":"","fClass":"","fFamily":"Songti SC","fWeight":"","fStyle":"Regular","fName":"STSongti-SC-Regular","ascent":82.3985960185528},{"origin":0,"fPath":"","fClass":"","fFamily":"Songti SC","fWeight":"","fStyle":"Bold","fName":"STSongti-SC-Bold","ascent":82.3985960185528},{"origin":0,"fPath":"","fClass":"","fFamily":"Heiti SC","fWeight":"","fStyle":"Medium","fName":"STHeitiSC-Medium","ascent":90.9997556209564},{"origin":0,"fPath":"","fClass":"","fFamily":"SimHei","fWeight":"","fStyle":"Regular","fName":"SimHei","ascent":89.5989987850189}]},"layers":[{"ddd":0,"ind":1,"ty":2,"nm":"_CLICK_02_","refId":"image_0","sr":1,"ks":{"o":{"a":0,"k":1,"ix":11},"r":{"a":0,"k":0,"ix":10},"p":{"a":0,"k":[375,1150.619,0],"ix":2},"a":{"a":0,"k":[332.5,145,0],"ix":1},"s":{"a":0,"k":[100,100,100],"ix":6}},"ao":0,"ip":38,"op":56,"st":0,"bm":0},{"ddd":0,"ind":2,"ty":2,"nm":"_CLICK_01_","refId":"image_1","sr":1,"ks":{"o":{"a":0,"k":1,"ix":11},"r":{"a":0,"k":0,"ix":10},"p":{"a":0,"k":[375,639,0],"ix":2},"a":{"a":0,"k":[107.5,136.5,0],"ix":1},"s":{"a":0,"k":[100,100,100],"ix":6}},"ao":0,"ip":0,"op":38,"st":-87,"bm":0},{"ddd":0,"ind":3,"ty":5,"nm":"_TEXT_ACT_02_","sr":1,"ks":{"o":{"a":1,"k":[{"i":{"x":[0.833],"y":[0.833]},"o":{"x":[0.167],"y":[0.167]},"t":26,"s":[100]},{"t":28,"s":[0]}],"ix":11},"r":{"a":0,"k":0,"ix":10},"p":{"a":0,"k":[374.662,758.778,0],"ix":2},"a":{"a":0,"k":[0,0,0],"ix":1},"s":{"a":0,"k":[100,100,100],"ix":6}},"ao":0,"t":{"d":{"k":[{"s":{"s":22,"f":"SimHei","t":"跳转至第三方","j":2,"tr":62,"lh":26.4,"ls":0,"fc":[1,1,1]},"t":0}]},"p":{},"m":{"g":1,"a":{"a":0,"k":[0,0],"ix":2}},"a":[]},"ip":0,"op":56,"st":0,"bm":0},{"ddd":0,"ind":4,"ty":5,"nm":"_TEXT_ACT_01_","sr":1,"ks":{"o":{"a":1,"k":[{"i":{"x":[0.833],"y":[0.833]},"o":{"x":[0.167],"y":[0.167]},"t":26,"s":[100]},{"t":28,"s":[0]}],"ix":11},"r":{"a":0,"k":0,"ix":10},"p":{"a":0,"k":[373.945,722.778,0],"ix":2},"a":{"a":0,"k":[0,0,0],"ix":1},"s":{"a":0,"k":[100,100,100],"ix":6}},"ao":0,"t":{"d":{"k":[{"s":{"s":32,"f":"SimHei","t":"前倾手机","j":2,"tr":110,"lh":38.4,"ls":0,"fc":[1,1,1]},"t":0}]},"p":{},"m":{"g":1,"a":{"a":0,"k":[0,0],"ix":2}},"a":[]},"ip":0,"op":56,"st":0,"bm":0},{"ddd":0,"ind":5,"ty":0,"nm":"205109前倾动效","refId":"comp_0","sr":1,"ks":{"o":{"a":1,"k":[{"i":{"x":[0.833],"y":[0.833]},"o":{"x":[0.167],"y":[0.167]},"t":50,"s":[100]},{"t":53,"s":[0]}],"ix":11},"r":{"a":0,"k":0,"ix":10},"p":{"a":0,"k":[375,605.921,0],"ix":2},"a":{"a":0,"k":[130,135,0],"ix":1},"s":{"a":0,"k":[80,80,100],"ix":6}},"ao":0,"w":260,"h":270,"ip":14,"op":28,"st":14,"bm":0},{"ddd":0,"ind":6,"ty":0,"nm":"205109前倾动效","refId":"comp_0","sr":1,"ks":{"o":{"a":1,"k":[{"i":{"x":[0.833],"y":[0.833]},"o":{"x":[0.167],"y":[0.167]},"t":36,"s":[100]},{"t":39,"s":[0]}],"ix":11},"r":{"a":0,"k":0,"ix":10},"p":{"a":0,"k":[375,605.921,0],"ix":2},"a":{"a":0,"k":[130,135,0],"ix":1},"s":{"a":0,"k":[80,80,100],"ix":6}},"ao":0,"w":260,"h":270,"ip":0,"op":14,"st":0,"bm":0},{"ddd":0,"ind":7,"ty":0,"nm":"205109前倾动效","refId":"comp_0","sr":1,"ks":{"o":{"a":0,"k":100,"ix":11},"r":{"a":0,"k":0,"ix":10},"p":{"a":0,"k":[600.041,1167.778,0],"ix":2},"a":{"a":0,"k":[130,135,0],"ix":1},"s":{"a":0,"k":[32,32,100],"ix":6}},"ao":0,"w":260,"h":270,"ip":43,"op":57,"st":43,"bm":0},{"ddd":0,"ind":8,"ty":0,"nm":"205109前倾动效","refId":"comp_0","sr":1,"ks":{"o":{"a":0,"k":100,"ix":11},"r":{"a":0,"k":0,"ix":10},"p":{"a":0,"k":[600.041,1167.778,0],"ix":2},"a":{"a":0,"k":[130,135,0],"ix":1},"s":{"a":0,"k":[32,32,100],"ix":6}},"ao":0,"w":260,"h":270,"ip":29,"op":43,"st":29,"bm":0},{"ddd":0,"ind":9,"ty":0,"nm":"_CARD_","refId":"comp_1","sr":1,"ks":{"o":{"a":1,"k":[{"i":{"x":[0.833],"y":[0.833]},"o":{"x":[0.167],"y":[0.167]},"t":26,"s":[0]},{"t":29,"s":[100]}],"ix":11},"r":{"a":0,"k":0,"ix":10},"p":{"a":0,"k":[375,677,0],"ix":2},"a":{"a":0,"k":[375,667,0],"ix":1},"s":{"a":0,"k":[100,100,100],"ix":6}},"ao":0,"tm":{"a":1,"k":[{"i":{"x":[0.833],"y":[0.833]},"o":{"x":[0.167],"y":[0.167]},"t":-11,"s":[0]},{"t":137,"s":[6.167],"h":1}],"ix":2},"w":750,"h":1334,"ip":29,"op":149,"st":-11,"bm":0}],"markers":[{"tm":29,"cm":"loopStart","dr":0},{"tm":56,"cm":"loopEnd","dr":0}]}