{"v":"5.6.9","fr":30.0000305175781,"ip":0,"op":150.000152587891,"w":750,"h":1334,"nm":"基础挂件-扭一扭动效","ddd":1,"assets":[{"id":"image_0","w":215,"h":273,"u":"images/","p":"_CLICK_.png","e":0},{"id":"image_1","w":664,"h":993,"u":"images/","p":"_ICON_.png","e":0},{"id":"comp_0","layers":[{"ddd":0,"ind":1,"ty":4,"nm":"_DOT_","sr":1,"ks":{"o":{"a":0,"k":100,"ix":11},"r":{"a":1,"k":[{"i":{"x":[0.667],"y":[1]},"o":{"x":[0.333],"y":[0]},"t":0,"s":[-242]},{"i":{"x":[0.667],"y":[1]},"o":{"x":[0.333],"y":[0]},"t":9.313,"s":[-124]},{"i":{"x":[0.667],"y":[1]},"o":{"x":[0.333],"y":[0]},"t":18.626,"s":[-242]},{"i":{"x":[0.667],"y":[1]},"o":{"x":[0.333],"y":[0]},"t":27.937,"s":[-124]},{"i":{"x":[0.667],"y":[1]},"o":{"x":[0.333],"y":[0]},"t":37.25,"s":[-242]},{"i":{"x":[0.667],"y":[1]},"o":{"x":[0.333],"y":[0]},"t":46.563,"s":[-124]},{"i":{"x":[0.667],"y":[1]},"o":{"x":[0.333],"y":[0]},"t":55.875,"s":[-242]},{"i":{"x":[0.667],"y":[1]},"o":{"x":[0.333],"y":[0]},"t":65.188,"s":[-124]},{"i":{"x":[0.667],"y":[1]},"o":{"x":[0.333],"y":[0]},"t":74.5,"s":[-242]},{"i":{"x":[0.667],"y":[1]},"o":{"x":[0.333],"y":[0]},"t":83.812,"s":[-124]},{"i":{"x":[0.667],"y":[1]},"o":{"x":[0.333],"y":[0]},"t":93.125,"s":[-242]},{"i":{"x":[0.667],"y":[1]},"o":{"x":[0.333],"y":[0]},"t":102.438,"s":[-124]},{"i":{"x":[0.667],"y":[1]},"o":{"x":[0.333],"y":[0]},"t":111.751,"s":[-242]},{"i":{"x":[0.667],"y":[1]},"o":{"x":[0.333],"y":[0]},"t":121.062,"s":[-124]},{"i":{"x":[0.667],"y":[1]},"o":{"x":[0.333],"y":[0]},"t":130.375,"s":[-242]},{"i":{"x":[0.667],"y":[1]},"o":{"x":[0.333],"y":[0]},"t":139.688,"s":[-124]},{"i":{"x":[0.833],"y":[1]},"o":{"x":[0.333],"y":[0]},"t":149,"s":[-242]},{"i":{"x":[0.667],"y":[1]},"o":{"x":[0.167],"y":[0.167]},"t":157.5,"s":[-242]},{"i":{"x":[0.667],"y":[1]},"o":{"x":[0.333],"y":[0]},"t":158.313,"s":[-124]},{"i":{"x":[0.667],"y":[1]},"o":{"x":[0.333],"y":[0]},"t":167.625,"s":[-242]},{"i":{"x":[0.667],"y":[1]},"o":{"x":[0.333],"y":[0]},"t":176.937,"s":[-242]},{"t":186.250189463298,"s":[-124]}],"ix":10},"p":{"a":0,"k":[127,150,0],"ix":2},"a":{"a":0,"k":[18.846,-144.157,0],"ix":1},"s":{"a":0,"k":[140,140,100],"ix":6}},"ao":0,"shapes":[{"ty":"gr","it":[{"d":1,"ty":"el","s":{"a":0,"k":[13,13],"ix":2},"p":{"a":0,"k":[0,0],"ix":3},"nm":"椭圆路径 1","mn":"ADBE Vector Shape - Ellipse","hd":false},{"ty":"fl","c":{"a":0,"k":[1,1,1,1],"ix":4},"o":{"a":0,"k":100,"ix":5},"r":1,"bm":0,"nm":"填充 1","mn":"ADBE Vector Graphic - Fill","hd":false},{"ty":"tr","p":{"a":0,"k":[-2.561,-128.823],"ix":2},"a":{"a":0,"k":[-24.061,83.677],"ix":1},"s":{"a":0,"k":[100,100],"ix":3},"r":{"a":0,"k":0,"ix":6},"o":{"a":0,"k":100,"ix":7},"sk":{"a":0,"k":0,"ix":4},"sa":{"a":0,"k":0,"ix":5},"nm":"变换"}],"nm":"椭圆 1","np":3,"cix":2,"bm":0,"ix":1,"mn":"ADBE Vector Group","hd":false}],"ip":0,"op":150.000152587891,"st":0,"bm":0},{"ddd":0,"ind":2,"ty":4,"nm":"_LINE_","sr":1,"ks":{"o":{"a":0,"k":40,"ix":11},"r":{"a":0,"k":-180,"ix":10},"p":{"a":0,"k":[127,150,0],"ix":2},"a":{"a":0,"k":[-2,-123,0],"ix":1},"s":{"a":0,"k":[103.158,103.158,100],"ix":6}},"ao":0,"shapes":[{"ty":"gr","it":[{"ind":0,"ty":"sh","ix":1,"ks":{"a":0,"k":{"i":[[0,0],[-59.37,2.29],[-24.962,-26.173]],"o":[[0,0],[30.53,-1.178],[82.581,86.59]],"v":[[-84.883,-170.015],[-3.933,-214.641],[78.459,-177.286]],"c":false},"ix":2},"nm":"路径 1","mn":"ADBE Vector Shape - Group","hd":false},{"ty":"st","c":{"a":0,"k":[1,1,1,1],"ix":3},"o":{"a":0,"k":100,"ix":4},"w":{"a":0,"k":8,"ix":5},"lc":2,"lj":2,"bm":0,"nm":"描边 1","mn":"ADBE Vector Graphic - Stroke","hd":false},{"ty":"tr","p":{"a":0,"k":[0,0],"ix":2},"a":{"a":0,"k":[0,0],"ix":1},"s":{"a":0,"k":[100,100],"ix":3},"r":{"a":0,"k":0,"ix":6},"o":{"a":0,"k":100,"ix":7},"sk":{"a":0,"k":0,"ix":4},"sa":{"a":0,"k":0,"ix":5},"nm":"变换"}],"nm":"形状 1","np":3,"cix":2,"bm":0,"ix":1,"mn":"ADBE Vector Group","hd":false}],"ip":0,"op":150.000152587891,"st":0,"bm":0},{"ddd":1,"ind":3,"ty":2,"nm":"_ICON_","refId":"image_1","sr":1,"ks":{"o":{"a":0,"k":100,"ix":11},"rx":{"a":0,"k":0,"ix":8},"ry":{"a":0,"k":0,"ix":9},"rz":{"a":0,"k":0,"ix":10},"or":{"a":1,"k":[{"i":{"x":0.667,"y":1},"o":{"x":0.333,"y":0},"t":0,"s":[0,310,0],"to":[0,0,0],"ti":[50,0,0]},{"i":{"x":0.667,"y":1},"o":{"x":0.333,"y":0},"t":9.313,"s":[0,50,0],"to":[0,0,0],"ti":[310,0,0]},{"i":{"x":0.667,"y":1},"o":{"x":0.333,"y":0},"t":18.626,"s":[0,310,0],"to":[0,0,0],"ti":[50,0,0]},{"i":{"x":0.667,"y":1},"o":{"x":0.333,"y":0},"t":27.937,"s":[0,50,0],"to":[0,0,0],"ti":[310,0,0]},{"i":{"x":0.667,"y":1},"o":{"x":0.333,"y":0},"t":37.25,"s":[0,310,0],"to":[0,0,0],"ti":[50,0,0]},{"i":{"x":0.667,"y":1},"o":{"x":0.333,"y":0},"t":46.563,"s":[0,50,0],"to":[0,0,0],"ti":[310,0,0]},{"i":{"x":0.667,"y":1},"o":{"x":0.333,"y":0},"t":55.875,"s":[0,310,0],"to":[0,0,0],"ti":[50,0,0]},{"i":{"x":0.667,"y":1},"o":{"x":0.333,"y":0},"t":65.188,"s":[0,50,0],"to":[0,0,0],"ti":[310,0,0]},{"i":{"x":0.667,"y":1},"o":{"x":0.333,"y":0},"t":74.5,"s":[0,310,0],"to":[0,0,0],"ti":[50,0,0]},{"i":{"x":0.667,"y":1},"o":{"x":0.333,"y":0},"t":83.812,"s":[0,50,0],"to":[0,0,0],"ti":[310,0,0]},{"i":{"x":0.667,"y":1},"o":{"x":0.333,"y":0},"t":93.125,"s":[0,310,0],"to":[0,0,0],"ti":[50,0,0]},{"i":{"x":0.667,"y":1},"o":{"x":0.333,"y":0},"t":102.438,"s":[0,50,0],"to":[0,0,0],"ti":[310,0,0]},{"i":{"x":0.667,"y":1},"o":{"x":0.333,"y":0},"t":111.751,"s":[0,310,0],"to":[0,0,0],"ti":[50,0,0]},{"i":{"x":0.667,"y":1},"o":{"x":0.333,"y":0},"t":121.062,"s":[0,50,0],"to":[0,0,0],"ti":[310,0,0]},{"i":{"x":0.667,"y":1},"o":{"x":0.333,"y":0},"t":130.375,"s":[0,310,0],"to":[0,0,0],"ti":[50,0,0]},{"i":{"x":0.667,"y":1},"o":{"x":0.333,"y":0},"t":139.688,"s":[0,50,0],"to":[0,0,0],"ti":[310,0,0]},{"i":{"x":0.667,"y":1},"o":{"x":0.333,"y":0},"t":149,"s":[0,310,0],"to":[0,0,0],"ti":[50,0,0]},{"i":{"x":0.667,"y":1},"o":{"x":0.333,"y":0},"t":158.313,"s":[0,50,0],"to":[0,0,0],"ti":[310,0,0]},{"i":{"x":0.667,"y":1},"o":{"x":0.333,"y":0},"t":167.625,"s":[0,310,0],"to":[0,0,0],"ti":[50,0,0]},{"i":{"x":0.667,"y":1},"o":{"x":0.333,"y":0},"t":176.937,"s":[0,50,0],"to":[0,0,0],"ti":[310,0,0]},{"t":184.698674213141,"s":[0,310,0]}],"ix":7},"p":{"a":0,"k":[130,160.986,0],"ix":2},"a":{"a":0,"k":[332,640.868,0],"ix":1},"s":{"a":0,"k":[18,18,18],"ix":6}},"ao":0,"ip":0,"op":150.000152587891,"st":0,"bm":0}]}],"fonts":{"list":[{"origin":0,"fPath":"","fClass":"","fFamily":"SimHei","fWeight":"","fStyle":"Regular","fName":"SimHei","ascent":73.5989987850189}]},"layers":[{"ddd":0,"ind":1,"ty":2,"nm":"_CLICK_","refId":"image_0","sr":1,"ks":{"o":{"a":0,"k":1,"ix":11},"r":{"a":0,"k":0,"ix":10},"p":{"a":0,"k":[375,1130.808,0],"ix":2},"a":{"a":0,"k":[107.5,136.5,0],"ix":1},"s":{"a":0,"k":[100,100,100],"ix":6}},"ao":0,"ip":0,"op":150.000152587891,"st":-108.750110626221,"bm":0},{"ddd":0,"ind":2,"ty":0,"nm":"扭一扭","refId":"comp_0","sr":1,"ks":{"o":{"a":0,"k":100,"ix":11},"r":{"a":0,"k":0,"ix":10},"p":{"a":0,"k":[375,1093.117,0],"ix":2},"a":{"a":0,"k":[130,135,0],"ix":1},"s":{"a":0,"k":[78,78,100],"ix":6}},"ao":0,"w":260,"h":270,"ip":0,"op":150.000152587891,"st":0,"bm":0},{"ddd":0,"ind":3,"ty":5,"nm":"_TEXT_ACT_01_","sr":1,"ks":{"o":{"a":0,"k":100,"ix":11},"r":{"a":0,"k":0,"ix":10},"p":{"a":0,"k":[373.945,1237.339,0],"ix":2},"a":{"a":0,"k":[0,0,0],"ix":1},"s":{"a":0,"k":[100,100,100],"ix":6}},"ao":0,"t":{"d":{"k":[{"s":{"s":32,"f":"SimHei","t":"扭一扭","j":2,"tr":62,"lh":38.4,"ls":0,"fc":[1,1,1]},"t":0}]},"p":{},"m":{"g":1,"a":{"a":0,"k":[0,0],"ix":2}},"a":[]},"ip":0,"op":150.000152587891,"st":0,"bm":0},{"ddd":0,"ind":4,"ty":5,"nm":"_TEXT_ACT_02_","sr":1,"ks":{"o":{"a":0,"k":100,"ix":11},"r":{"a":0,"k":0,"ix":10},"p":{"a":0,"k":[374.662,1273.339,0],"ix":2},"a":{"a":0,"k":[0,0,0],"ix":1},"s":{"a":0,"k":[100,100,100],"ix":6}},"ao":0,"t":{"d":{"k":[{"s":{"s":22,"f":"SimHei","t":"跳转至第三方","j":2,"tr":62,"lh":26.4,"ls":0,"fc":[1,1,1]},"t":0}]},"p":{},"m":{"g":1,"a":{"a":0,"k":[0,0],"ix":2}},"a":[]},"ip":0,"op":150.000152587891,"st":0,"bm":0}],"markers":[{"tm":0,"cm":"loopStart","dr":0},{"tm":149.000151570638,"cm":"loopEnd","dr":0}]}