{"v":"5.12.2","fr":30.0000305175781,"ip":0,"op":60.0000610351562,"w":750,"h":850,"nm":"endcard","ddd":0,"assets":[{"id":"image_0","w":750,"h":1334,"u":"images/","p":"img_0.png","e":0},{"id":"image_1","w":477,"h":98,"u":"images/","p":"img_1.png","e":0},{"id":"image_2","w":88,"h":88,"u":"images/","p":"img_2.png","e":0},{"id":"comp_0","nm":"hand","fr":30.0000305175781,"layers":[{"ddd":0,"ind":1,"ty":2,"nm":"_HAND_","refId":"image_0","sr":1,"ks":{"o":{"a":0,"k":100,"ix":11},"r":{"a":0,"k":0,"ix":10},"p":{"a":0,"k":[35.5,30.5,0],"ix":2,"l":2},"a":{"a":0,"k":[496,793,0],"ix":1,"l":2},"s":{"a":1,"k":[{"i":{"x":[0.667,0.667,0.667],"y":[1,1,1]},"o":{"x":[0.559,0.559,0.333],"y":[0,0,0]},"t":0,"s":[100,100,100]},{"i":{"x":[0.667,0.667,0.667],"y":[1,1,1]},"o":{"x":[0.508,0.508,0.333],"y":[0,0,0]},"t":12.521,"s":[90,90,100]},{"i":{"x":[0.667,0.667,0.667],"y":[1,1,1]},"o":{"x":[0.545,0.545,0.333],"y":[0,0,0]},"t":23.479,"s":[100,100,100]},{"i":{"x":[0.667,0.667,0.667],"y":[1,1,1]},"o":{"x":[0.495,0.495,0.333],"y":[0,0,0]},"t":36,"s":[90,90,100]},{"t":46.0000467936198,"s":[100,100,100]}],"ix":6,"l":2}},"ao":0,"ip":0,"op":47.0000478108724,"st":0,"bm":0}]},{"id":"comp_1","nm":"ENDCARD","fr":30.0000305175781,"layers":[{"ddd":0,"ind":1,"ty":5,"nm":"_CTA_TEXT","sr":1,"ks":{"o":{"a":0,"k":100,"ix":11},"r":{"a":0,"k":0,"ix":10},"p":{"a":0,"k":[375.492,711,0],"ix":2,"l":2},"a":{"a":0,"k":[0,0,0],"ix":1,"l":2},"s":{"a":0,"k":[100,100,100],"ix":6,"l":2}},"ao":0,"t":{"d":{"k":[{"s":{"sz":[402,64],"ps":[-201,-32],"s":42,"f":"SimHei","t":"按钮文字","ca":0,"j":2,"tr":62,"lh":47,"ls":0,"fc":[1,1,1]},"t":0}]},"p":{},"m":{"g":1,"a":{"a":0,"k":[0,0],"ix":2}},"a":[]},"ip":0,"op":60.0000610351562,"st":0,"ct":1,"bm":0},{"ddd":0,"ind":2,"ty":5,"nm":"_AD_DESC_","sr":1,"ks":{"o":{"a":0,"k":100,"ix":11},"r":{"a":0,"k":0,"ix":10},"p":{"a":0,"k":[374,395,0],"ix":2,"l":2},"a":{"a":0,"k":[0,0,0],"ix":1,"l":2},"s":{"a":0,"k":[100,100,100],"ix":6,"l":2}},"ao":0,"t":{"d":{"k":[{"s":{"sz":[460,84],"ps":[-230,-42],"s":28,"f":"SimHei","t":"描述文字描述文字描述文字描述文字描述文字","ca":0,"j":2,"tr":62,"lh":47,"ls":0,"fc":[1,1,1]},"t":0}]},"p":{},"m":{"g":1,"a":{"a":0,"k":[0,0],"ix":2}},"a":[]},"ip":0,"op":60.0000610351562,"st":0,"ct":1,"bm":0},{"ddd":0,"ind":3,"ty":5,"nm":"_APP_NAME_","sr":1,"ks":{"o":{"a":0,"k":100,"ix":11},"r":{"a":0,"k":0,"ix":10},"p":{"a":0,"k":[375.703,297,0],"ix":2,"l":2},"a":{"a":0,"k":[0,0,0],"ix":1,"l":2},"s":{"a":0,"k":[100,100,100],"ix":6,"l":2}},"ao":0,"t":{"d":{"k":[{"s":{"sz":[678,56],"ps":[-339,-28],"s":40,"f":"SimHei","t":"标题文字标题文字标题文字标题文字\r","ca":0,"j":2,"tr":62,"lh":34,"ls":0,"fc":[1,1,1]},"t":0}]},"p":{},"m":{"g":1,"a":{"a":0,"k":[0,0],"ix":2}},"a":[]},"ip":0,"op":60.0000610351562,"st":0,"ct":1,"bm":0},{"ddd":0,"ind":4,"ty":2,"nm":"_CTA_BG_","refId":"image_1","sr":1,"ks":{"o":{"a":0,"k":100,"ix":11},"r":{"a":0,"k":0,"ix":10},"p":{"a":0,"k":[375,697,0],"ix":2,"l":2},"a":{"a":0,"k":[238.5,49,0],"ix":1,"l":2},"s":{"a":0,"k":[108,108,100],"ix":6,"l":2}},"ao":0,"ip":0,"op":60.0000610351562,"st":0,"bm":0},{"ddd":0,"ind":5,"ty":2,"nm":"_ICON_URL_","refId":"image_2","sr":1,"ks":{"o":{"a":0,"k":100,"ix":11},"r":{"a":0,"k":0,"ix":10},"p":{"a":0,"k":[375,101,0],"ix":2,"l":2},"a":{"a":0,"k":[44,44,0],"ix":1,"l":2},"s":{"a":0,"k":[184,184,100],"ix":6,"l":2}},"ao":0,"ip":0,"op":60.0000610351562,"st":0,"bm":0}]}],"fonts":{"list":[{"origin":0,"fPath":"","fClass":"","fFamily":"SimHei","fWeight":"","fStyle":"Regular","fName":"SimHei","ascent":66.8960571289062}]},"layers":[{"ddd":0,"ind":1,"ty":0,"nm":"_HAND_","refId":"comp_0","sr":1,"ks":{"o":{"a":0,"k":100,"ix":11},"r":{"a":0,"k":0,"ix":10},"p":{"a":0,"k":[571,761,0],"ix":2,"l":2},"a":{"a":0,"k":[87.5,87.5,0],"ix":1,"l":2},"s":{"a":0,"k":[100,100,100],"ix":6,"l":2}},"ao":0,"w":175,"h":175,"ip":13.0000132242839,"op":60.0000610351562,"st":13.0000132242839,"bm":0},{"ddd":0,"ind":2,"ty":0,"nm":"ENDCARD","refId":"comp_1","sr":1,"ks":{"o":{"a":1,"k":[{"i":{"x":[0.833],"y":[0.833]},"o":{"x":[0.167],"y":[0.167]},"t":0,"s":[0]},{"t":5.00000508626302,"s":[100]}],"ix":11},"r":{"a":0,"k":0,"ix":10},"p":{"a":0,"k":[375,425,0],"ix":2,"l":2},"a":{"a":0,"k":[375,425,0],"ix":1,"l":2},"s":{"a":0,"k":[100,100,100],"ix":6,"l":2}},"ao":0,"w":750,"h":850,"ip":0,"op":60.0000610351562,"st":0,"bm":0}],"markers":[],"props":{}}