{"v":"5.6.9","fr":30.0000305175781,"ip":0,"op":150.000152587891,"w":750,"h":1334,"nm":"_BG_502004_V_","ddd":0,"assets":[{"id":"image_0","w":750,"h":975,"u":"images/","p":"_BORDER_.png","e":0},{"id":"image_1","w":416,"h":426,"u":"images/","p":"_GRADIENT_AD_.png","e":0},{"id":"image_2","w":498,"h":884,"u":"images/","p":"_BG_POSTION_.png","e":0}],"fonts":{"list":[{"origin":0,"fPath":"","fClass":"","fFamily":"Heiti SC","fWeight":"","fStyle":"Light","fName":"STHeitiSC-Light","ascent":89.5989987850189}]},"layers":[{"ddd":0,"ind":1,"ty":5,"nm":"_FRAME_TITLE_","sr":1,"ks":{"o":{"a":0,"k":100,"ix":11},"r":{"a":0,"k":0,"ix":10},"p":{"a":0,"k":[642.726,189,0],"ix":2},"a":{"a":0,"k":[268,-36,0],"ix":1},"s":{"a":0,"k":[100,100,100],"ix":6}},"ao":0,"t":{"d":{"k":[{"s":{"s":85,"f":"STHeitiSC-Light","t":"边框标题文案","j":2,"tr":0,"lh":102,"ls":0,"fc":[0.875,0.063,0.071]},"t":0}]},"p":{},"m":{"g":1,"a":{"a":0,"k":[0,0],"ix":2}},"a":[]},"ip":0,"op":150.000152587891,"st":0,"bm":0},{"ddd":0,"ind":2,"ty":2,"nm":"_BORDER_","refId":"image_0","sr":1,"ks":{"o":{"a":0,"k":100,"ix":11},"r":{"a":0,"k":0,"ix":10},"p":{"a":0,"k":[374.428,571,0],"ix":2},"a":{"a":0,"k":[375,487.5,0],"ix":1},"s":{"a":0,"k":[100,100,100],"ix":6}},"ao":0,"ip":0,"op":150.000152587891,"st":0,"bm":0},{"ddd":0,"ind":5,"ty":2,"nm":"_GRADIENT_AD_","refId":"image_1","sr":1,"ks":{"o":{"a":0,"k":100,"ix":11},"r":{"a":0,"k":0,"ix":10},"p":{"a":0,"k":[374.428,750,0],"ix":2},"a":{"a":0,"k":[208,213,0],"ix":1},"s":{"a":0,"k":[100,100,100],"ix":6}},"ao":0,"ip":0,"op":150.000152587891,"st":0,"bm":0},{"ddd":0,"ind":6,"ty":2,"nm":"_BG_POSITION_","refId":"image_2","sr":1,"ks":{"o":{"a":0,"k":100,"ix":11},"r":{"a":0,"k":0,"ix":10},"p":{"a":0,"k":[175.718,262.296,0],"ix":2},"a":{"a":0,"k":[0,0,0],"ix":1},"s":{"a":0,"k":[80,80,100],"ix":6}},"ao":0,"ip":0,"op":150.000152587891,"st":41.0000417073568,"bm":0}],"markers":[]}