{"v":"5.6.9","fr":24,"ip":0,"op":42,"w":750,"h":1334,"nm":"扭一扭至banner动效","ddd":1,"assets":[{"id":"image_0","w":215,"h":273,"u":"images/","p":"_CLICK_.png","e":0},{"id":"image_1","w":665,"h":290,"u":"images/","p":"_CLICK__0.png","e":0},{"id":"image_2","w":56,"h":32,"u":"images/","p":"_BG_COUNTDOWN_.png","e":0},{"id":"image_3","w":137,"h":213,"u":"images/","p":"hot.png","e":0},{"id":"image_4","w":64,"h":64,"u":"images/","p":"_____.png","e":0},{"id":"imgSeq_0","w":750,"h":1334,"t":"seq","u":"images/","p":"___-_10000-10014_.png","e":0},{"id":"imgSeq_1","w":750,"h":1334,"t":"seq","u":"images/","p":"___-_10000-10014__1.png","e":0},{"id":"imgSeq_2","w":750,"h":1334,"t":"seq","u":"images/","p":"___-_10000-10014__2.png","e":0},{"id":"imgSeq_3","w":750,"h":1334,"t":"seq","u":"images/","p":"___-_10000-10014__3.png","e":0},{"id":"imgSeq_4","w":750,"h":1334,"t":"seq","u":"images/","p":"___-_10000-10014__4.png","e":0},{"id":"imgSeq_5","w":750,"h":1334,"t":"seq","u":"images/","p":"___-_10000-10014__5.png","e":0},{"id":"imgSeq_6","w":750,"h":1334,"t":"seq","u":"images/","p":"___-_10000-10014__6.png","e":0},{"id":"imgSeq_7","w":750,"h":1334,"t":"seq","u":"images/","p":"___-_10000-10014__7.png","e":0},{"id":"imgSeq_8","w":750,"h":1334,"t":"seq","u":"images/","p":"___-_10000-10014__8.png","e":0},{"id":"imgSeq_9","w":750,"h":1334,"t":"seq","u":"images/","p":"___-_10000-10014__9.png","e":0},{"id":"imgSeq_10","w":750,"h":1334,"t":"seq","u":"images/","p":"___-_10000-10014__10.png","e":0},{"id":"imgSeq_11","w":750,"h":1334,"t":"seq","u":"images/","p":"___-_10000-10014__11.png","e":0},{"id":"imgSeq_12","w":750,"h":1334,"t":"seq","u":"images/","p":"___-_10000-10014__12.png","e":0},{"id":"imgSeq_13","w":750,"h":1334,"t":"seq","u":"images/","p":"___-_10000-10014__13.png","e":0},{"id":"imgSeq_14","w":750,"h":1334,"t":"seq","u":"images/","p":"___-_10000-10014__14.png","e":0},{"id":"comp_0","layers":[{"ddd":0,"ind":1,"ty":4,"nm":"_DOT_","sr":1,"ks":{"o":{"a":0,"k":100,"ix":11},"r":{"a":1,"k":[{"i":{"x":[0.667],"y":[1]},"o":{"x":[0.333],"y":[0]},"t":0,"s":[-242]},{"i":{"x":[0.667],"y":[1]},"o":{"x":[0.333],"y":[0]},"t":10,"s":[-124]},{"i":{"x":[0.667],"y":[1]},"o":{"x":[0.333],"y":[0]},"t":13,"s":[-242]},{"i":{"x":[0.667],"y":[1]},"o":{"x":[0.333],"y":[0]},"t":19.449,"s":[-124]},{"i":{"x":[0.667],"y":[1]},"o":{"x":[0.333],"y":[0]},"t":26.899,"s":[-242]},{"i":{"x":[0.667],"y":[1]},"o":{"x":[0.333],"y":[0]},"t":34.35,"s":[-124]},{"i":{"x":[0.667],"y":[1]},"o":{"x":[0.333],"y":[0]},"t":41.8,"s":[-242]},{"i":{"x":[0.667],"y":[1]},"o":{"x":[0.333],"y":[0]},"t":49.25,"s":[-124]},{"i":{"x":[0.667],"y":[1]},"o":{"x":[0.333],"y":[0]},"t":56.699,"s":[-242]},{"i":{"x":[0.667],"y":[1]},"o":{"x":[0.333],"y":[0]},"t":64.149,"s":[-124]},{"i":{"x":[0.667],"y":[1]},"o":{"x":[0.333],"y":[0]},"t":71.6,"s":[-242]},{"i":{"x":[0.667],"y":[1]},"o":{"x":[0.333],"y":[0]},"t":79.05,"s":[-124]},{"i":{"x":[0.667],"y":[1]},"o":{"x":[0.333],"y":[0]},"t":86.5,"s":[-242]},{"i":{"x":[0.667],"y":[1]},"o":{"x":[0.333],"y":[0]},"t":93.949,"s":[-124]},{"i":{"x":[0.667],"y":[1]},"o":{"x":[0.333],"y":[0]},"t":104.3,"s":[-242]},{"i":{"x":[0.667],"y":[1]},"o":{"x":[0.333],"y":[0]},"t":111.75,"s":[-124]},{"i":{"x":[0.833],"y":[1]},"o":{"x":[0.333],"y":[0]},"t":119.2,"s":[-242]},{"i":{"x":[0.667],"y":[1]},"o":{"x":[0.167],"y":[0.167]},"t":126,"s":[-242]},{"i":{"x":[0.667],"y":[1]},"o":{"x":[0.333],"y":[0]},"t":126.65,"s":[-124]},{"i":{"x":[0.667],"y":[1]},"o":{"x":[0.333],"y":[0]},"t":134.1,"s":[-242]},{"i":{"x":[0.667],"y":[1]},"o":{"x":[0.333],"y":[0]},"t":141.55,"s":[-242]},{"t":149,"s":[-124]}],"ix":10},"p":{"a":0,"k":[127,150,0],"ix":2},"a":{"a":0,"k":[18.846,-144.157,0],"ix":1},"s":{"a":0,"k":[140,140,100],"ix":6}},"ao":0,"shapes":[{"ty":"gr","it":[{"d":1,"ty":"el","s":{"a":0,"k":[13,13],"ix":2},"p":{"a":0,"k":[0,0],"ix":3},"nm":"椭圆路径 1","mn":"ADBE Vector Shape - Ellipse","hd":false},{"ty":"fl","c":{"a":0,"k":[1,1,1,1],"ix":4},"o":{"a":0,"k":100,"ix":5},"r":1,"bm":0,"nm":"填充 1","mn":"ADBE Vector Graphic - Fill","hd":false},{"ty":"tr","p":{"a":0,"k":[-2.561,-128.823],"ix":2},"a":{"a":0,"k":[-24.061,83.677],"ix":1},"s":{"a":0,"k":[100,100],"ix":3},"r":{"a":0,"k":0,"ix":6},"o":{"a":0,"k":100,"ix":7},"sk":{"a":0,"k":0,"ix":4},"sa":{"a":0,"k":0,"ix":5},"nm":"变换"}],"nm":"椭圆 1","np":3,"cix":2,"bm":0,"ix":1,"mn":"ADBE Vector Group","hd":false}],"ip":0,"op":11,"st":0,"bm":0},{"ddd":0,"ind":2,"ty":4,"nm":"_LINE_","sr":1,"ks":{"o":{"a":0,"k":40,"ix":11},"r":{"a":0,"k":-180,"ix":10},"p":{"a":0,"k":[127,150,0],"ix":2},"a":{"a":0,"k":[-2,-123,0],"ix":1},"s":{"a":0,"k":[103.158,103.158,100],"ix":6}},"ao":0,"shapes":[{"ty":"gr","it":[{"ind":0,"ty":"sh","ix":1,"ks":{"a":0,"k":{"i":[[0,0],[-59.37,2.29],[-24.962,-26.173]],"o":[[0,0],[30.53,-1.178],[82.581,86.59]],"v":[[-84.883,-170.015],[-3.933,-214.641],[78.459,-177.286]],"c":false},"ix":2},"nm":"路径 1","mn":"ADBE Vector Shape - Group","hd":false},{"ty":"st","c":{"a":0,"k":[1,1,1,1],"ix":3},"o":{"a":0,"k":100,"ix":4},"w":{"a":0,"k":8,"ix":5},"lc":2,"lj":2,"bm":0,"nm":"描边 1","mn":"ADBE Vector Graphic - Stroke","hd":false},{"ty":"tr","p":{"a":0,"k":[0,0],"ix":2},"a":{"a":0,"k":[0,0],"ix":1},"s":{"a":0,"k":[100,100],"ix":3},"r":{"a":0,"k":0,"ix":6},"o":{"a":0,"k":100,"ix":7},"sk":{"a":0,"k":0,"ix":4},"sa":{"a":0,"k":0,"ix":5},"nm":"变换"}],"nm":"形状 1","np":3,"cix":2,"bm":0,"ix":1,"mn":"ADBE Vector Group","hd":false}],"ip":0,"op":11,"st":0,"bm":0},{"ddd":0,"ind":3,"ty":0,"nm":"未标题-[10000-10014].png","cl":"png","refId":"sequence_0","sr":1,"ks":{"o":{"a":0,"k":100,"ix":11},"r":{"a":0,"k":0,"ix":10},"p":{"a":0,"k":[130,135,0],"ix":2},"a":{"a":0,"k":[375,667,0],"ix":1},"s":{"a":0,"k":[30,20,100],"ix":6}},"ao":0,"w":750,"h":1334,"ip":0,"op":12,"st":0,"bm":0}]},{"id":"sequence_0","layers":[{"ty":2,"sc":"#00ffff","refId":"imgSeq_0","ks":{"p":{"a":0,"k":[0,0]},"a":{"a":0,"k":[0,0]},"s":{"a":0,"k":[100,100]},"r":{"a":0,"k":[0]},"o":{"a":0,"k":[100]}},"ip":0,"st":0,"op":1,"sr":1,"bm":0},{"ty":2,"sc":"#00ffff","refId":"imgSeq_1","ks":{"p":{"a":0,"k":[0,0]},"a":{"a":0,"k":[0,0]},"s":{"a":0,"k":[100,100]},"r":{"a":0,"k":[0]},"o":{"a":0,"k":[100]}},"ip":1,"st":1,"op":2,"sr":1,"bm":0},{"ty":2,"sc":"#00ffff","refId":"imgSeq_2","ks":{"p":{"a":0,"k":[0,0]},"a":{"a":0,"k":[0,0]},"s":{"a":0,"k":[100,100]},"r":{"a":0,"k":[0]},"o":{"a":0,"k":[100]}},"ip":2,"st":2,"op":3,"sr":1,"bm":0},{"ty":2,"sc":"#00ffff","refId":"imgSeq_3","ks":{"p":{"a":0,"k":[0,0]},"a":{"a":0,"k":[0,0]},"s":{"a":0,"k":[100,100]},"r":{"a":0,"k":[0]},"o":{"a":0,"k":[100]}},"ip":3,"st":3,"op":4,"sr":1,"bm":0},{"ty":2,"sc":"#00ffff","refId":"imgSeq_4","ks":{"p":{"a":0,"k":[0,0]},"a":{"a":0,"k":[0,0]},"s":{"a":0,"k":[100,100]},"r":{"a":0,"k":[0]},"o":{"a":0,"k":[100]}},"ip":4,"st":4,"op":5,"sr":1,"bm":0},{"ty":2,"sc":"#00ffff","refId":"imgSeq_5","ks":{"p":{"a":0,"k":[0,0]},"a":{"a":0,"k":[0,0]},"s":{"a":0,"k":[100,100]},"r":{"a":0,"k":[0]},"o":{"a":0,"k":[100]}},"ip":5,"st":5,"op":6,"sr":1,"bm":0},{"ty":2,"sc":"#00ffff","refId":"imgSeq_6","ks":{"p":{"a":0,"k":[0,0]},"a":{"a":0,"k":[0,0]},"s":{"a":0,"k":[100,100]},"r":{"a":0,"k":[0]},"o":{"a":0,"k":[100]}},"ip":6,"st":6,"op":7,"sr":1,"bm":0},{"ty":2,"sc":"#00ffff","refId":"imgSeq_7","ks":{"p":{"a":0,"k":[0,0]},"a":{"a":0,"k":[0,0]},"s":{"a":0,"k":[100,100]},"r":{"a":0,"k":[0]},"o":{"a":0,"k":[100]}},"ip":7,"st":7,"op":8,"sr":1,"bm":0},{"ty":2,"sc":"#00ffff","refId":"imgSeq_8","ks":{"p":{"a":0,"k":[0,0]},"a":{"a":0,"k":[0,0]},"s":{"a":0,"k":[100,100]},"r":{"a":0,"k":[0]},"o":{"a":0,"k":[100]}},"ip":8,"st":8,"op":9,"sr":1,"bm":0},{"ty":2,"sc":"#00ffff","refId":"imgSeq_9","ks":{"p":{"a":0,"k":[0,0]},"a":{"a":0,"k":[0,0]},"s":{"a":0,"k":[100,100]},"r":{"a":0,"k":[0]},"o":{"a":0,"k":[100]}},"ip":9,"st":9,"op":10,"sr":1,"bm":0},{"ty":2,"sc":"#00ffff","refId":"imgSeq_10","ks":{"p":{"a":0,"k":[0,0]},"a":{"a":0,"k":[0,0]},"s":{"a":0,"k":[100,100]},"r":{"a":0,"k":[0]},"o":{"a":0,"k":[100]}},"ip":10,"st":10,"op":11,"sr":1,"bm":0},{"ty":2,"sc":"#00ffff","refId":"imgSeq_11","ks":{"p":{"a":0,"k":[0,0]},"a":{"a":0,"k":[0,0]},"s":{"a":0,"k":[100,100]},"r":{"a":0,"k":[0]},"o":{"a":0,"k":[100]}},"ip":11,"st":11,"op":12,"sr":1,"bm":0},{"ty":2,"sc":"#00ffff","refId":"imgSeq_12","ks":{"p":{"a":0,"k":[0,0]},"a":{"a":0,"k":[0,0]},"s":{"a":0,"k":[100,100]},"r":{"a":0,"k":[0]},"o":{"a":0,"k":[100]}},"ip":12,"st":12,"op":13,"sr":1,"bm":0},{"ty":2,"sc":"#00ffff","refId":"imgSeq_13","ks":{"p":{"a":0,"k":[0,0]},"a":{"a":0,"k":[0,0]},"s":{"a":0,"k":[100,100]},"r":{"a":0,"k":[0]},"o":{"a":0,"k":[100]}},"ip":13,"st":13,"op":14,"sr":1,"bm":0},{"ty":2,"sc":"#00ffff","refId":"imgSeq_14","ks":{"p":{"a":0,"k":[0,0]},"a":{"a":0,"k":[0,0]},"s":{"a":0,"k":[100,100]},"r":{"a":0,"k":[0]},"o":{"a":0,"k":[100]}},"ip":14,"st":14,"op":16,"sr":1,"bm":0}]},{"id":"comp_1","layers":[{"ddd":0,"ind":2,"ty":5,"nm":"_INT_TEXT_","sr":1,"ks":{"o":{"a":0,"k":100,"ix":11},"r":{"a":0,"k":0,"ix":10},"p":{"a":0,"k":[375.768,1270,0],"ix":2},"a":{"a":0,"k":[0,0,0],"ix":1},"s":{"a":0,"k":[100,100,100],"ix":6}},"ao":0,"t":{"d":{"k":[{"s":{"s":24,"f":"STHeitiSC-Medium","t":"XXX跳转至第三方平台","j":2,"tr":0,"lh":28.8,"ls":0,"fc":[1,1,1]},"t":0}]},"p":{},"m":{"g":1,"a":{"a":0,"k":[0,0],"ix":2}},"a":[]},"ip":0,"op":291,"st":0,"bm":0},{"ddd":0,"ind":3,"ty":2,"nm":"_BG_COUNTDOWN_","refId":"image_2","sr":1,"ks":{"o":{"a":0,"k":100,"ix":11},"r":{"a":0,"k":0,"ix":10},"p":{"a":0,"k":[429,1050,0],"ix":2},"a":{"a":0,"k":[28,16,0],"ix":1},"s":{"a":0,"k":[100,100,100],"ix":6}},"ao":0,"ip":0,"op":291,"st":0,"bm":0},{"ddd":0,"ind":4,"ty":4,"nm":"_BG_SWING_","sr":1,"ks":{"o":{"a":0,"k":100,"ix":11},"r":{"a":0,"k":0,"ix":10},"p":{"a":0,"k":[604.5,1154,0],"ix":2},"a":{"a":0,"k":[229.5,29,0],"ix":1},"s":{"a":0,"k":[100,100,100],"ix":6}},"ao":0,"shapes":[{"ty":"gr","it":[{"d":1,"ty":"el","s":{"a":0,"k":[113,113],"ix":2},"p":{"a":0,"k":[0,0],"ix":3},"nm":"椭圆路径 1","mn":"ADBE Vector Shape - Ellipse","hd":false},{"ty":"fl","c":{"a":0,"k":[0.698039233685,0.698039233685,0.698039233685,1],"ix":4},"o":{"a":0,"k":100,"ix":5},"r":1,"bm":0,"nm":"填充 1","mn":"ADBE Vector Graphic - Fill","hd":false},{"ty":"tr","p":{"a":0,"k":[227.5,31.5],"ix":2},"a":{"a":0,"k":[0,0],"ix":1},"s":{"a":0,"k":[96.49,96.49],"ix":3},"r":{"a":0,"k":0,"ix":6},"o":{"a":0,"k":100,"ix":7},"sk":{"a":0,"k":0,"ix":4},"sa":{"a":0,"k":0,"ix":5},"nm":"变换"}],"nm":"椭圆 1","np":3,"cix":2,"bm":0,"ix":1,"mn":"ADBE Vector Group","hd":false}],"ip":0,"op":291,"st":0,"bm":0},{"ddd":0,"ind":5,"ty":2,"nm":"_ICON_HOT_","refId":"image_3","sr":1,"ks":{"o":{"a":0,"k":100,"ix":11},"r":{"a":0,"k":0,"ix":10},"p":{"a":0,"k":[127.551,1155.296,0],"ix":2},"a":{"a":0,"k":[68.5,106.5,0],"ix":1},"s":{"a":0,"k":[48,48,100],"ix":6}},"ao":0,"ip":0,"op":291,"st":0,"bm":0},{"ddd":0,"ind":6,"ty":2,"nm":"_ICON_GIFT_","refId":"image_4","sr":1,"ks":{"o":{"a":0,"k":100,"ix":11},"r":{"a":0,"k":0,"ix":10},"p":{"a":0,"k":[229.426,1048.685,0],"ix":2},"a":{"a":0,"k":[32,32,0],"ix":1},"s":{"a":0,"k":[48,48,100],"ix":6}},"ao":0,"ip":0,"op":291,"st":0,"bm":0},{"ddd":0,"ind":7,"ty":5,"nm":"_TIP_TEXT_RIGHT_","sr":1,"ks":{"o":{"a":0,"k":100,"ix":11},"r":{"a":0,"k":0,"ix":10},"p":{"a":0,"k":[465.654,1049.925,0],"ix":2},"a":{"a":0,"k":[0.924,-6.798,0],"ix":1},"s":{"a":0,"k":[100,100,100],"ix":6}},"ao":0,"t":{"d":{"k":[{"s":{"s":22,"f":"STSongti-SC-Regular","t":"后结束","j":0,"tr":62,"lh":26.4,"ls":0,"fc":[1,1,1]},"t":0}]},"p":{},"m":{"g":1,"a":{"a":0,"k":[0,0],"ix":2}},"a":[]},"ip":0,"op":291,"st":0,"bm":0},{"ddd":0,"ind":8,"ty":5,"nm":"_TIP_TEXT_LEFT_","sr":1,"ks":{"o":{"a":0,"k":100,"ix":11},"r":{"a":0,"k":0,"ix":10},"p":{"a":0,"k":[253.368,1049.925,0],"ix":2},"a":{"a":0,"k":[0.638,-6.776,0],"ix":1},"s":{"a":0,"k":[100,100,100],"ix":6}},"ao":0,"t":{"d":{"k":[{"s":{"s":22,"f":"STSongti-SC-Regular","t":"恭喜获得奖励","j":0,"tr":62,"lh":26.4,"ls":0,"fc":[1,1,1]},"t":0}]},"p":{},"m":{"g":1,"a":{"a":0,"k":[0,0],"ix":2}},"a":[]},"ip":0,"op":291,"st":0,"bm":0},{"ddd":0,"ind":9,"ty":5,"nm":"_AD_DESC_","sr":1,"ks":{"o":{"a":0,"k":100,"ix":11},"r":{"a":0,"k":0,"ix":10},"p":{"a":0,"k":[179,1183.223,0],"ix":2},"a":{"a":0,"k":[0.64,-9.52,0],"ix":1},"s":{"a":0,"k":[100,100,100],"ix":6}},"ao":0,"t":{"d":{"k":[{"s":{"s":32,"f":"STSongti-SC-Bold","t":"超级福利火热领取中","j":0,"tr":62,"lh":38.4,"ls":0,"fc":[0.2,0.2,0.2]},"t":0}]},"p":{},"m":{"g":1,"a":{"a":0,"k":[0,0],"ix":2}},"a":[]},"ip":0,"op":291,"st":0,"bm":0},{"ddd":0,"ind":10,"ty":5,"nm":"_AD_TITLE_","sr":1,"ks":{"o":{"a":0,"k":100,"ix":11},"r":{"a":0,"k":0,"ix":10},"p":{"a":0,"k":[181,1134.956,0],"ix":2},"a":{"a":0,"k":[2.398,-6.787,0],"ix":1},"s":{"a":0,"k":[100,100,100],"ix":6}},"ao":0,"t":{"d":{"k":[{"s":{"s":22,"f":"STSongti-SC-Regular","t":"限时获取 名额有限","j":0,"tr":62,"lh":26.4,"ls":0,"fc":[0.6,0.6,0.6]},"t":0}]},"p":{},"m":{"g":1,"a":{"a":0,"k":[0,0],"ix":2}},"a":[]},"ip":0,"op":291,"st":0,"bm":0},{"ddd":0,"ind":11,"ty":4,"nm":"_BG_AD_","sr":1,"ks":{"o":{"a":0,"k":100,"ix":11},"r":{"a":0,"k":0,"ix":10},"p":{"a":0,"k":[375,667,0],"ix":2},"a":{"a":0,"k":[0,0,0],"ix":1},"s":{"a":0,"k":[100,100,100],"ix":6}},"ao":0,"shapes":[{"ty":"gr","it":[{"ty":"rc","d":1,"s":{"a":0,"k":[627.711,157.215],"ix":2},"p":{"a":0,"k":[0,0],"ix":3},"r":{"a":0,"k":28,"ix":4},"nm":"矩形路径 1","mn":"ADBE Vector Shape - Rect","hd":false},{"ty":"fl","c":{"a":0,"k":[1,1,1,1],"ix":4},"o":{"a":0,"k":100,"ix":5},"r":1,"bm":0,"nm":"填充 1","mn":"ADBE Vector Graphic - Fill","hd":false},{"ty":"tr","p":{"a":0,"k":[-0.688,490.281],"ix":2},"a":{"a":0,"k":[0,0],"ix":1},"s":{"a":0,"k":[100,100],"ix":3},"r":{"a":0,"k":0,"ix":6},"o":{"a":0,"k":100,"ix":7},"sk":{"a":0,"k":0,"ix":4},"sa":{"a":0,"k":0,"ix":5},"nm":"变换"}],"nm":"矩形 1","np":3,"cix":2,"bm":0,"ix":1,"mn":"ADBE Vector Group","hd":false}],"ip":0,"op":291,"st":0,"bm":0},{"ddd":0,"ind":12,"ty":4,"nm":"_BG_TIME_","sr":1,"ks":{"o":{"a":0,"k":100,"ix":11},"r":{"a":0,"k":0,"ix":10},"p":{"a":0,"k":[61,1110.5,0],"ix":2},"a":{"a":0,"k":[-316,-18.5,0],"ix":1},"s":{"a":0,"k":[99.524,100,100],"ix":6}},"ao":0,"shapes":[{"ty":"gr","it":[{"ty":"rc","d":1,"s":{"a":0,"k":[630,192],"ix":2},"p":{"a":0,"k":[0,0],"ix":3},"r":{"a":0,"k":20,"ix":4},"nm":"矩形路径 1","mn":"ADBE Vector Shape - Rect","hd":false},{"ty":"fl","c":{"a":0,"k":[1,0.227450980392,0.41568627451,1],"ix":4},"o":{"a":0,"k":100,"ix":5},"r":1,"bm":0,"nm":"填充 1","mn":"ADBE Vector Graphic - Fill","hd":false},{"ty":"tr","p":{"a":0,"k":[-1,-18.5],"ix":2},"a":{"a":0,"k":[0,0],"ix":1},"s":{"a":0,"k":[100,100],"ix":3},"r":{"a":0,"k":0,"ix":6},"o":{"a":0,"k":100,"ix":7},"sk":{"a":0,"k":0,"ix":4},"sa":{"a":0,"k":0,"ix":5},"nm":"变换"}],"nm":"矩形 1","np":3,"cix":2,"bm":0,"ix":1,"mn":"ADBE Vector Group","hd":false}],"ip":0,"op":291,"st":0,"bm":0}]}],"fonts":{"list":[{"origin":0,"fPath":"","fClass":"","fFamily":"Songti SC","fWeight":"","fStyle":"Regular","fName":"STSongti-SC-Regular","ascent":82.3985960185528},{"origin":0,"fPath":"","fClass":"","fFamily":"Songti SC","fWeight":"","fStyle":"Bold","fName":"STSongti-SC-Bold","ascent":82.3985960185528},{"origin":0,"fPath":"","fClass":"","fFamily":"Heiti SC","fWeight":"","fStyle":"Medium","fName":"STHeitiSC-Medium","ascent":90.9997556209564},{"origin":0,"fPath":"","fClass":"","fFamily":"SimHei","fWeight":"","fStyle":"Regular","fName":"SimHei","ascent":89.5989987850189}]},"layers":[{"ddd":0,"ind":1,"ty":2,"nm":"_CLICK_01_","refId":"image_0","sr":1,"ks":{"o":{"a":0,"k":1,"ix":11},"r":{"a":0,"k":0,"ix":10},"p":{"a":0,"k":[375,631,0],"ix":2},"a":{"a":0,"k":[107.5,136.5,0],"ix":1},"s":{"a":0,"k":[100,100,100],"ix":6}},"ao":0,"ip":0,"op":27,"st":-87,"bm":0},{"ddd":0,"ind":2,"ty":2,"nm":"_CLICK_02_","refId":"image_1","sr":1,"ks":{"o":{"a":0,"k":1,"ix":11},"r":{"a":0,"k":0,"ix":10},"p":{"a":0,"k":[375,1138.619,0],"ix":2},"a":{"a":0,"k":[332.5,145,0],"ix":1},"s":{"a":0,"k":[100,100,100],"ix":6}},"ao":0,"ip":27,"op":42,"st":0,"bm":0},{"ddd":0,"ind":3,"ty":5,"nm":"_TEXT_ACT_02_","sr":1,"ks":{"o":{"a":1,"k":[{"i":{"x":[0.833],"y":[0.833]},"o":{"x":[0.167],"y":[0.167]},"t":28,"s":[100]},{"t":31,"s":[0]}],"ix":11},"r":{"a":0,"k":0,"ix":10},"p":{"a":0,"k":[374.662,753,0],"ix":2},"a":{"a":0,"k":[0,0,0],"ix":1},"s":{"a":0,"k":[100,100,100],"ix":6}},"ao":0,"t":{"d":{"k":[{"s":{"s":22,"f":"SimHei","t":"跳转至第三方","j":2,"tr":62,"lh":26.4,"ls":0,"fc":[1,1,1]},"t":0}]},"p":{},"m":{"g":1,"a":{"a":0,"k":[0,0],"ix":2}},"a":[]},"ip":0,"op":42,"st":0,"bm":0},{"ddd":0,"ind":4,"ty":5,"nm":"_TEXT_ACT_01_","sr":1,"ks":{"o":{"a":1,"k":[{"i":{"x":[0.833],"y":[0.833]},"o":{"x":[0.167],"y":[0.167]},"t":28,"s":[100]},{"t":31,"s":[0]}],"ix":11},"r":{"a":0,"k":0,"ix":10},"p":{"a":0,"k":[373.945,717,0],"ix":2},"a":{"a":0,"k":[0,0,0],"ix":1},"s":{"a":0,"k":[100,100,100],"ix":6}},"ao":0,"t":{"d":{"k":[{"s":{"s":32,"f":"SimHei","t":"扭一扭","j":2,"tr":110,"lh":38.4,"ls":0,"fc":[1,1,1]},"t":0}]},"p":{},"m":{"g":1,"a":{"a":0,"k":[0,0],"ix":2}},"a":[]},"ip":0,"op":42,"st":0,"bm":0},{"ddd":0,"ind":5,"ty":0,"nm":"扭一扭动效-调速","refId":"comp_0","sr":1,"ks":{"o":{"a":0,"k":100,"ix":11},"r":{"a":0,"k":0,"ix":10},"p":{"a":0,"k":[603,1155.345,0],"ix":2},"a":{"a":0,"k":[130,135,0],"ix":1},"s":{"a":0,"k":[32,32,100],"ix":6}},"ao":0,"w":260,"h":270,"ip":75,"op":86,"st":75,"bm":0},{"ddd":0,"ind":6,"ty":0,"nm":"扭一扭动效-调速","refId":"comp_0","sr":1,"ks":{"o":{"a":0,"k":100,"ix":11},"r":{"a":0,"k":0,"ix":10},"p":{"a":0,"k":[603,1155.345,0],"ix":2},"a":{"a":0,"k":[130,135,0],"ix":1},"s":{"a":0,"k":[32,32,100],"ix":6}},"ao":0,"w":260,"h":270,"ip":64,"op":75,"st":64,"bm":0},{"ddd":0,"ind":7,"ty":0,"nm":"扭一扭动效-调速","refId":"comp_0","sr":1,"ks":{"o":{"a":0,"k":100,"ix":11},"r":{"a":0,"k":0,"ix":10},"p":{"a":0,"k":[603,1155.345,0],"ix":2},"a":{"a":0,"k":[130,135,0],"ix":1},"s":{"a":0,"k":[32,32,100],"ix":6}},"ao":0,"w":260,"h":270,"ip":53,"op":64,"st":53,"bm":0},{"ddd":0,"ind":8,"ty":0,"nm":"扭一扭动效-调速","refId":"comp_0","sr":1,"ks":{"o":{"a":0,"k":100,"ix":11},"r":{"a":0,"k":0,"ix":10},"p":{"a":0,"k":[603,1155.345,0],"ix":2},"a":{"a":0,"k":[130,135,0],"ix":1},"s":{"a":0,"k":[32,32,100],"ix":6}},"ao":0,"w":260,"h":270,"ip":42,"op":53,"st":42,"bm":0},{"ddd":0,"ind":9,"ty":0,"nm":"扭一扭动效-调速","refId":"comp_0","sr":1,"ks":{"o":{"a":0,"k":100,"ix":11},"r":{"a":0,"k":0,"ix":10},"p":{"a":0,"k":[603,1155.345,0],"ix":2},"a":{"a":0,"k":[130,135,0],"ix":1},"s":{"a":0,"k":[32,32,100],"ix":6}},"ao":0,"w":260,"h":270,"ip":31,"op":42,"st":31,"bm":0},{"ddd":0,"ind":10,"ty":0,"nm":"扭一扭动效-调速","refId":"comp_0","sr":1,"ks":{"o":{"a":1,"k":[{"i":{"x":[0.833],"y":[0.833]},"o":{"x":[0.167],"y":[0.167]},"t":50,"s":[100]},{"t":53,"s":[0]}],"ix":11},"r":{"a":0,"k":0,"ix":10},"p":{"a":0,"k":[375,581.776,0],"ix":2},"a":{"a":0,"k":[130,135,0],"ix":1},"s":{"a":0,"k":[80,80,100],"ix":6}},"ao":0,"w":260,"h":270,"ip":22,"op":30,"st":22,"bm":0},{"ddd":0,"ind":11,"ty":0,"nm":"扭一扭动效-调速","refId":"comp_0","sr":1,"ks":{"o":{"a":1,"k":[{"i":{"x":[0.833],"y":[0.833]},"o":{"x":[0.167],"y":[0.167]},"t":39,"s":[100]},{"t":42,"s":[0]}],"ix":11},"r":{"a":0,"k":0,"ix":10},"p":{"a":0,"k":[375,581.776,0],"ix":2},"a":{"a":0,"k":[130,135,0],"ix":1},"s":{"a":0,"k":[80,80,100],"ix":6}},"ao":0,"w":260,"h":270,"ip":11,"op":22,"st":11,"bm":0},{"ddd":0,"ind":12,"ty":0,"nm":"扭一扭动效-调速","refId":"comp_0","sr":1,"ks":{"o":{"a":1,"k":[{"i":{"x":[0.833],"y":[0.833]},"o":{"x":[0.167],"y":[0.167]},"t":28,"s":[100]},{"t":31,"s":[0]}],"ix":11},"r":{"a":0,"k":0,"ix":10},"p":{"a":0,"k":[375,581.776,0],"ix":2},"a":{"a":0,"k":[130,135,0],"ix":1},"s":{"a":0,"k":[80,80,100],"ix":6}},"ao":0,"w":260,"h":270,"ip":0,"op":11,"st":0,"bm":0},{"ddd":0,"ind":13,"ty":0,"nm":"倒计时card","refId":"comp_1","sr":1,"ks":{"o":{"a":0,"k":100,"ix":11},"r":{"a":0,"k":0,"ix":10},"p":{"a":0,"k":[375,667,0],"ix":2},"a":{"a":0,"k":[375,667,0],"ix":1},"s":{"a":0,"k":[100,100,100],"ix":6}},"ao":0,"w":750,"h":1334,"ip":31,"op":288,"st":0,"bm":0}],"markers":[{"tm":31,"cm":"loopStart","dr":0},{"tm":42,"cm":"loopEnd","dr":0}]}