{"v":"5.6.9","fr":24,"ip":0,"op":149,"w":750,"h":1624,"nm":"摇一摇至banner","ddd":0,"assets":[{"id":"image_0","w":262,"h":262,"u":"images/","p":"img_0.png","e":0},{"id":"image_1","w":56,"h":32,"u":"images/","p":"img_1.png","e":0},{"id":"image_2","w":29,"h":29,"u":"images/","p":"img_2.png","e":0},{"id":"image_3","w":65,"h":101,"u":"images/","p":"img_3.png","e":0},{"id":"image_4","w":628,"h":156,"u":"images/","p":"img_4.png","e":0},{"id":"comp_0","layers":[{"ddd":0,"ind":1,"ty":4,"nm":"_DOT_","sr":1,"ks":{"o":{"a":0,"k":100,"ix":11},"r":{"a":1,"k":[{"i":{"x":[0.667],"y":[1]},"o":{"x":[0.705],"y":[-0.002]},"t":0,"s":[52]},{"i":{"x":[0.667],"y":[1]},"o":{"x":[0.333],"y":[0]},"t":5.846,"s":[-61]},{"i":{"x":[0.667],"y":[1]},"o":{"x":[0.705],"y":[-0.002]},"t":12,"s":[52]},{"i":{"x":[0.667],"y":[1]},"o":{"x":[0.333],"y":[0]},"t":17.846,"s":[-61]},{"i":{"x":[0.667],"y":[1]},"o":{"x":[0.705],"y":[-0.002]},"t":24,"s":[52]},{"i":{"x":[0.667],"y":[1]},"o":{"x":[0.333],"y":[0]},"t":29.846,"s":[-61]},{"i":{"x":[0.667],"y":[1]},"o":{"x":[0.705],"y":[-0.002]},"t":36,"s":[52]},{"i":{"x":[0.667],"y":[1]},"o":{"x":[0.167],"y":[0]},"t":41.846,"s":[-61]},{"i":{"x":[0.667],"y":[1]},"o":{"x":[0.705],"y":[-0.002]},"t":48,"s":[52]},{"i":{"x":[0.667],"y":[1]},"o":{"x":[0.333],"y":[0]},"t":53.846,"s":[-61]},{"i":{"x":[0.667],"y":[1]},"o":{"x":[0.705],"y":[-0.002]},"t":60,"s":[52]},{"i":{"x":[0.667],"y":[1]},"o":{"x":[0.333],"y":[0]},"t":65.846,"s":[-61]},{"i":{"x":[0.667],"y":[1]},"o":{"x":[0.705],"y":[-0.002]},"t":72,"s":[52]},{"i":{"x":[0.667],"y":[1]},"o":{"x":[0.333],"y":[0]},"t":77.846,"s":[-61]},{"i":{"x":[0.667],"y":[1]},"o":{"x":[0.705],"y":[-0.002]},"t":84,"s":[52]},{"i":{"x":[0.667],"y":[1]},"o":{"x":[0.333],"y":[0]},"t":89.846,"s":[-61]},{"i":{"x":[0.667],"y":[1]},"o":{"x":[0.705],"y":[-0.002]},"t":96,"s":[52]},{"i":{"x":[0.667],"y":[1]},"o":{"x":[0.333],"y":[0]},"t":101.846,"s":[-61]},{"i":{"x":[0.667],"y":[1]},"o":{"x":[0.705],"y":[-0.002]},"t":108,"s":[52]},{"i":{"x":[0.667],"y":[1]},"o":{"x":[0.333],"y":[0]},"t":113.846,"s":[-61]},{"t":119,"s":[52]}],"ix":10},"p":{"a":0,"k":[127,105,0],"ix":2},"a":{"a":0,"k":[18.846,-144.157,0],"ix":1},"s":{"a":0,"k":[140,140,100],"ix":6}},"ao":0,"shapes":[{"ty":"gr","it":[{"d":1,"ty":"el","s":{"a":0,"k":[13,13],"ix":2},"p":{"a":0,"k":[0,0],"ix":3},"nm":"椭圆路径 1","mn":"ADBE Vector Shape - Ellipse","hd":false},{"ty":"fl","c":{"a":0,"k":[1,1,1,1],"ix":4},"o":{"a":0,"k":100,"ix":5},"r":1,"bm":0,"nm":"填充 1","mn":"ADBE Vector Graphic - Fill","hd":false},{"ty":"tr","p":{"a":0,"k":[-2.561,-128.823],"ix":2},"a":{"a":0,"k":[-24.061,83.677],"ix":1},"s":{"a":0,"k":[100,100],"ix":3},"r":{"a":0,"k":0,"ix":6},"o":{"a":0,"k":100,"ix":7},"sk":{"a":0,"k":0,"ix":4},"sa":{"a":0,"k":0,"ix":5},"nm":"变换"}],"nm":"椭圆 1","np":3,"cix":2,"bm":0,"ix":1,"mn":"ADBE Vector Group","hd":false}],"ip":0,"op":120,"st":0,"bm":0},{"ddd":0,"ind":2,"ty":4,"nm":"_LINE_","sr":1,"ks":{"o":{"a":0,"k":40,"ix":11},"r":{"a":0,"k":0,"ix":10},"p":{"a":0,"k":[127,105,0],"ix":2},"a":{"a":0,"k":[-2,-123,0],"ix":1},"s":{"a":0,"k":[103.158,103.158,100],"ix":6}},"ao":0,"shapes":[{"ty":"gr","it":[{"ind":0,"ty":"sh","ix":1,"ks":{"a":0,"k":{"i":[[0,0],[-59.37,2.29],[-24.962,-26.173]],"o":[[0,0],[30.53,-1.178],[82.581,86.59]],"v":[[-84.883,-170.015],[-3.933,-214.641],[78.459,-177.286]],"c":false},"ix":2},"nm":"路径 1","mn":"ADBE Vector Shape - Group","hd":false},{"ty":"st","c":{"a":0,"k":[1,1,1,1],"ix":3},"o":{"a":0,"k":100,"ix":4},"w":{"a":0,"k":8,"ix":5},"lc":2,"lj":2,"bm":0,"nm":"描边 1","mn":"ADBE Vector Graphic - Stroke","hd":false},{"ty":"tr","p":{"a":0,"k":[0,0],"ix":2},"a":{"a":0,"k":[0,0],"ix":1},"s":{"a":0,"k":[100,100],"ix":3},"r":{"a":0,"k":0,"ix":6},"o":{"a":0,"k":100,"ix":7},"sk":{"a":0,"k":0,"ix":4},"sa":{"a":0,"k":0,"ix":5},"nm":"变换"}],"nm":"形状 1","np":3,"cix":2,"bm":0,"ix":1,"mn":"ADBE Vector Group","hd":false}],"ip":0,"op":120,"st":0,"bm":0},{"ddd":0,"ind":3,"ty":2,"nm":"_ICON_YAO_","refId":"image_0","sr":1,"ks":{"o":{"a":0,"k":100,"ix":11},"r":{"a":1,"k":[{"i":{"x":[0.667],"y":[1]},"o":{"x":[0.802],"y":[0.015]},"t":0,"s":[4]},{"i":{"x":[0.667],"y":[1]},"o":{"x":[0.333],"y":[0]},"t":5.846,"s":[-33]},{"i":{"x":[0.667],"y":[1]},"o":{"x":[0.802],"y":[0.015]},"t":11.692,"s":[4]},{"i":{"x":[0.667],"y":[1]},"o":{"x":[0.333],"y":[0]},"t":17.538,"s":[-33]},{"i":{"x":[0.667],"y":[1]},"o":{"x":[0.802],"y":[0.015]},"t":24.358,"s":[4]},{"i":{"x":[0.667],"y":[1]},"o":{"x":[0.333],"y":[0]},"t":30.205,"s":[-33]},{"i":{"x":[0.667],"y":[1]},"o":{"x":[0.802],"y":[0.015]},"t":36.051,"s":[4]},{"i":{"x":[0.667],"y":[1]},"o":{"x":[0.333],"y":[0]},"t":41.897,"s":[-33]},{"i":{"x":[0.667],"y":[1]},"o":{"x":[0.802],"y":[0.015]},"t":47.743,"s":[4]},{"i":{"x":[0.667],"y":[1]},"o":{"x":[0.333],"y":[0]},"t":53.59,"s":[-33]},{"i":{"x":[0.667],"y":[1]},"o":{"x":[0.802],"y":[0.015]},"t":60.41,"s":[4]},{"i":{"x":[0.667],"y":[1]},"o":{"x":[0.333],"y":[0]},"t":66.257,"s":[-33]},{"i":{"x":[0.667],"y":[1]},"o":{"x":[0.802],"y":[0.015]},"t":72.103,"s":[4]},{"i":{"x":[0.667],"y":[1]},"o":{"x":[0.333],"y":[0]},"t":77.949,"s":[-33]},{"i":{"x":[0.667],"y":[1]},"o":{"x":[0.802],"y":[0.015]},"t":83.795,"s":[4]},{"i":{"x":[0.667],"y":[1]},"o":{"x":[0.333],"y":[0]},"t":89.642,"s":[-33]},{"i":{"x":[0.667],"y":[1]},"o":{"x":[0.802],"y":[0.015]},"t":96.462,"s":[4]},{"i":{"x":[0.667],"y":[1]},"o":{"x":[0.333],"y":[0]},"t":102.308,"s":[-33]},{"i":{"x":[0.667],"y":[1]},"o":{"x":[0.802],"y":[0.015]},"t":108.154,"s":[4]},{"i":{"x":[0.667],"y":[1]},"o":{"x":[0.167],"y":[0]},"t":114,"s":[-33]},{"t":119,"s":[4]}],"ix":10},"p":{"a":0,"k":[161,229,0],"ix":2},"a":{"a":0,"k":[177.678,260.494,0],"ix":1},"s":{"a":0,"k":[75,75,100],"ix":6}},"ao":0,"ip":0,"op":120,"st":0,"bm":0}]},{"id":"comp_1","layers":[{"ddd":0,"ind":1,"ty":2,"nm":"_BG_COUNTDOWN_","refId":"image_1","sr":1,"ks":{"o":{"a":0,"k":100,"ix":11},"r":{"a":0,"k":0,"ix":10},"p":{"a":0,"k":[364,34.5,0],"ix":2},"a":{"a":0,"k":[28,16,0],"ix":1},"s":{"a":0,"k":[100,100,100],"ix":6}},"ao":0,"ip":0,"op":149,"st":0,"bm":0},{"ddd":0,"ind":2,"ty":4,"nm":"_BG_SWING_","sr":1,"ks":{"o":{"a":0,"k":100,"ix":11},"r":{"a":0,"k":0,"ix":10},"p":{"a":0,"k":[543.5,139.5,0],"ix":2},"a":{"a":0,"k":[229.5,29,0],"ix":1},"s":{"a":0,"k":[100,100,100],"ix":6}},"ao":0,"shapes":[{"ty":"gr","it":[{"d":1,"ty":"el","s":{"a":0,"k":[113,113],"ix":2},"p":{"a":0,"k":[0,0],"ix":3},"nm":"椭圆路径 1","mn":"ADBE Vector Shape - Ellipse","hd":false},{"ty":"fl","c":{"a":0,"k":[0.698039233685,0.698039233685,0.698039233685,1],"ix":4},"o":{"a":0,"k":100,"ix":5},"r":1,"bm":0,"nm":"填充 1","mn":"ADBE Vector Graphic - Fill","hd":false},{"ty":"tr","p":{"a":0,"k":[227.5,31.5],"ix":2},"a":{"a":0,"k":[0,0],"ix":1},"s":{"a":0,"k":[96.49,96.49],"ix":3},"r":{"a":0,"k":0,"ix":6},"o":{"a":0,"k":100,"ix":7},"sk":{"a":0,"k":0,"ix":4},"sa":{"a":0,"k":0,"ix":5},"nm":"变换"}],"nm":"椭圆 1","np":3,"cix":2,"bm":0,"ix":1,"mn":"ADBE Vector Group","hd":false}],"ip":0,"op":149,"st":0,"bm":0},{"ddd":0,"ind":3,"ty":2,"nm":"_ICON_GIFT_","refId":"image_2","sr":1,"ks":{"o":{"a":0,"k":100,"ix":11},"r":{"a":0,"k":0,"ix":10},"p":{"a":0,"k":[164.676,33.982,0],"ix":2},"a":{"a":0,"k":[14.25,14.297,0],"ix":1},"s":{"a":0,"k":[100,100,100],"ix":6}},"ao":0,"ip":0,"op":169,"st":0,"bm":0},{"ddd":0,"ind":4,"ty":5,"nm":"_AD_TITLE_ 3","sr":1,"ks":{"o":{"a":0,"k":100,"ix":11},"r":{"a":0,"k":0,"ix":10},"p":{"a":0,"k":[402.654,22.936,0],"ix":2},"a":{"a":0,"k":[0.924,-18.276,0],"ix":1},"s":{"a":0,"k":[100,100,100],"ix":6}},"ao":0,"t":{"d":{"k":[{"s":{"s":22,"f":"STSongti-SC-Regular","t":"后结束","j":0,"tr":62,"lh":26.4,"ls":0,"fc":[1,1,1]},"t":0}]},"p":{},"m":{"g":1,"a":{"a":0,"k":[0,0],"ix":2}},"a":[]},"ip":0,"op":149,"st":0,"bm":0},{"ddd":0,"ind":5,"ty":5,"nm":"_TEXT_TIME_02_","sr":1,"ks":{"o":{"a":0,"k":100,"ix":11},"r":{"a":0,"k":0,"ix":10},"p":{"a":0,"k":[186.901,22.936,0],"ix":2},"a":{"a":0,"k":[-68.829,-18.276,0],"ix":1},"s":{"a":0,"k":[100,100,100],"ix":6}},"ao":0,"t":{"d":{"k":[{"s":{"s":22,"f":"STSongti-SC-Regular","t":"恭喜获得奖励","j":2,"tr":62,"lh":26.4,"ls":0,"fc":[1,1,1]},"t":0}]},"p":{},"m":{"g":1,"a":{"a":0,"k":[0,0],"ix":2}},"a":[]},"ip":0,"op":149,"st":0,"bm":0},{"ddd":0,"ind":6,"ty":5,"nm":"_AD_DESC_","sr":1,"ks":{"o":{"a":0,"k":100,"ix":11},"r":{"a":0,"k":0,"ix":10},"p":{"a":0,"k":[121.938,153.363,0],"ix":2},"a":{"a":0,"k":[-159.854,-24.88,0],"ix":1},"s":{"a":0,"k":[100,100,100],"ix":6}},"ao":0,"t":{"d":{"k":[{"s":{"s":32,"f":"STSongti-SC-Bold","t":"“超级福利火热领取中”","j":2,"tr":62,"lh":38.4,"ls":0,"fc":[0.2,0.2,0.2]},"t":0}]},"p":{},"m":{"g":1,"a":{"a":0,"k":[0,0],"ix":2}},"a":[]},"ip":0,"op":149,"st":0,"bm":0},{"ddd":0,"ind":7,"ty":5,"nm":"_AD_TITLE_","sr":1,"ks":{"o":{"a":0,"k":100,"ix":11},"r":{"a":0,"k":0,"ix":10},"p":{"a":0,"k":[125.748,110.595,0],"ix":2},"a":{"a":0,"k":[-89.316,-16.648,0],"ix":1},"s":{"a":0,"k":[100,100,100],"ix":6}},"ao":0,"t":{"d":{"k":[{"s":{"s":22,"f":"STSongti-SC-Regular","t":"限时获取 名额有限","j":2,"tr":62,"lh":26.4,"ls":0,"fc":[0.6,0.6,0.6]},"t":0}]},"p":{},"m":{"g":1,"a":{"a":0,"k":[0,0],"ix":2}},"a":[]},"ip":0,"op":149,"st":0,"bm":0},{"ddd":0,"ind":8,"ty":2,"nm":"_ICON_HOT_","refId":"image_3","sr":1,"ks":{"o":{"a":0,"k":100,"ix":11},"r":{"a":0,"k":0,"ix":10},"p":{"a":0,"k":[66.229,140.45,0],"ix":2},"a":{"a":0,"k":[32.178,50.154,0],"ix":1},"s":{"a":0,"k":[100,100,100],"ix":6}},"ao":0,"ip":0,"op":169,"st":0,"bm":0},{"ddd":0,"ind":9,"ty":2,"nm":"_BG_AD_","refId":"image_4","sr":1,"ks":{"o":{"a":0,"k":100,"ix":11},"r":{"a":0,"k":0,"ix":10},"p":{"a":0,"k":[313.557,142.558,0],"ix":2},"a":{"a":0,"k":[313.807,77.885,0],"ix":1},"s":{"a":0,"k":[100,100,100],"ix":6}},"ao":0,"ip":0,"op":169,"st":0,"bm":0},{"ddd":0,"ind":10,"ty":4,"nm":"_BG_TIME_","sr":1,"ks":{"o":{"a":0,"k":100,"ix":11},"r":{"a":0,"k":0,"ix":10},"p":{"a":0,"k":[0,96,0],"ix":2},"a":{"a":0,"k":[-316,-18.5,0],"ix":1},"s":{"a":0,"k":[99.524,100,100],"ix":6}},"ao":0,"shapes":[{"ty":"gr","it":[{"ty":"rc","d":1,"s":{"a":0,"k":[630,192],"ix":2},"p":{"a":0,"k":[0,0],"ix":3},"r":{"a":0,"k":20,"ix":4},"nm":"矩形路径 1","mn":"ADBE Vector Shape - Rect","hd":false},{"ty":"gf","o":{"a":0,"k":100,"ix":10},"r":1,"bm":0,"g":{"p":2,"k":{"a":0,"k":[0,1,1,1,1,0,0,0],"ix":9}},"s":{"a":0,"k":[-98.469,-104],"ix":5},"e":{"a":0,"k":[-97.943,-12],"ix":6},"t":1,"nm":"渐变填充 1","mn":"ADBE Vector Graphic - G-Fill","hd":false},{"ty":"tr","p":{"a":0,"k":[-1,-18.5],"ix":2},"a":{"a":0,"k":[0,0],"ix":1},"s":{"a":0,"k":[100,100],"ix":3},"r":{"a":0,"k":0,"ix":6},"o":{"a":0,"k":100,"ix":7},"sk":{"a":0,"k":0,"ix":4},"sa":{"a":0,"k":0,"ix":5},"nm":"变换"}],"nm":"矩形 1","np":3,"cix":2,"bm":0,"ix":1,"mn":"ADBE Vector Group","hd":false}],"ip":0,"op":149,"st":0,"bm":0}]}],"fonts":{"list":[{"origin":0,"fPath":"","fClass":"","fFamily":"Songti SC","fWeight":"","fStyle":"Regular","fName":"STSongti-SC-Regular","ascent":66.3985960185528},{"origin":0,"fPath":"","fClass":"","fFamily":"Songti SC","fWeight":"","fStyle":"Bold","fName":"STSongti-SC-Bold","ascent":66.3985960185528},{"origin":0,"fPath":"","fClass":"","fFamily":"SimHei","fWeight":"","fStyle":"","fName":"SimHei","ascent":73.5989987850189}]},"layers":[{"ddd":0,"ind":2,"ty":5,"nm":"_TEXT_ACT_02_","sr":1,"ks":{"o":{"a":1,"k":[{"i":{"x":[0.833],"y":[0.833]},"o":{"x":[0.167],"y":[0.167]},"t":28,"s":[100]},{"t":31,"s":[0]}],"ix":11},"r":{"a":0,"k":0,"ix":10},"p":{"a":1,"k":[{"i":{"x":0.833,"y":0.833},"o":{"x":0.167,"y":0.167},"t":28,"s":[374.662,1234,0],"to":[0,0,0],"ti":[0,0,0]},{"t":31,"s":[374.662,1394,0]}],"ix":2},"a":{"a":0,"k":[0,0,0],"ix":1},"s":{"a":0,"k":[100,100,100],"ix":6}},"ao":0,"t":{"d":{"k":[{"s":{"s":22,"f":"SimHei","t":"跳转至第三方","j":2,"tr":62,"lh":26.4,"ls":0,"fc":[1,1,1]},"t":0}]},"p":{},"m":{"g":1,"a":{"a":0,"k":[0,0],"ix":2}},"a":[]},"ip":0,"op":151,"st":0,"bm":0},{"ddd":0,"ind":3,"ty":5,"nm":"_TEXT_ACT_01_","sr":1,"ks":{"o":{"a":1,"k":[{"i":{"x":[0.833],"y":[0.833]},"o":{"x":[0.167],"y":[0.167]},"t":28,"s":[100]},{"t":31,"s":[0]}],"ix":11},"r":{"a":0,"k":0,"ix":10},"p":{"a":1,"k":[{"i":{"x":0.833,"y":0.833},"o":{"x":0.167,"y":0.167},"t":28,"s":[373.945,1198,0],"to":[0,0,0],"ti":[0,0,0]},{"t":31,"s":[373.945,1364,0]}],"ix":2},"a":{"a":0,"k":[0,0,0],"ix":1},"s":{"a":0,"k":[100,100,100],"ix":6}},"ao":0,"t":{"d":{"k":[{"s":{"s":32,"f":"SimHei","t":"摇一摇","j":2,"tr":62,"lh":38.4,"ls":0,"fc":[1,1,1]},"t":0}]},"p":{},"m":{"g":1,"a":{"a":0,"k":[0,0],"ix":2}},"a":[]},"ip":0,"op":151,"st":0,"bm":0},{"ddd":0,"ind":4,"ty":0,"nm":"_YAO_","refId":"comp_0","sr":1,"ks":{"o":{"a":0,"k":100,"ix":11},"r":{"a":0,"k":0,"ix":10},"p":{"a":0,"k":[607,1460,0],"ix":2},"a":{"a":0,"k":[130,135,0],"ix":1},"s":{"a":0,"k":[34,34,100],"ix":6}},"ao":0,"w":260,"h":270,"ip":32,"op":151,"st":32,"bm":0},{"ddd":0,"ind":5,"ty":0,"nm":"_YAO_","refId":"comp_0","sr":1,"ks":{"o":{"a":1,"k":[{"i":{"x":[0.833],"y":[0.833]},"o":{"x":[0.167],"y":[0.167]},"t":28,"s":[100]},{"t":31,"s":[0]}],"ix":11},"r":{"a":0,"k":0,"ix":10},"p":{"a":1,"k":[{"i":{"x":0.833,"y":0.833},"o":{"x":0.167,"y":0.167},"t":28,"s":[375,1054,0],"to":[0,0,0],"ti":[0,0,0]},{"t":31,"s":[375,1352,0]}],"ix":2},"a":{"a":0,"k":[130,135,0],"ix":1},"s":{"a":0,"k":[78,78,100],"ix":6}},"ao":0,"w":260,"h":270,"ip":0,"op":32,"st":0,"bm":0},{"ddd":0,"ind":6,"ty":0,"nm":"_CARD_","refId":"comp_1","sr":1,"ks":{"o":{"a":1,"k":[{"i":{"x":[0.833],"y":[0.833]},"o":{"x":[0.167],"y":[0.167]},"t":31,"s":[0]},{"t":32,"s":[100]}],"ix":11},"r":{"a":0,"k":0,"ix":10},"p":{"a":0,"k":[375,1428,0],"ix":2},"a":{"a":0,"k":[314,110.5,0],"ix":1},"s":{"a":0,"k":[100,100,100],"ix":6}},"ao":0,"w":628,"h":221,"ip":0,"op":149,"st":0,"bm":0}],"markers":[]}