{
  "root_id": {
    "spacing": 20,
    "backgroundColor": "white",
    "justifyContent": "FlexAlign.Start",
    "alignItems": "HorizontalAlign.Center",
    "padding": {
      "top": 20,
      "bottom": 20,
      "left": 20,
      "right": 20
    }
  },
  "title": {
    "height": 20,
    "maxLines": 1,
    "fontColor": "#252525",
    "fontSize": 18,
    "fontWeight": "FontWeight.Bold"
  },
  "message": {
    "height": 20,
    "constraintSize": {
      "maxHeight": 150,
      "maxWidth": 300
    },
    "maxLines": 5,
    "fontColor": "#252525",
    "fontSize": 14,
    "backgroundColor": "white"
  },
  "cancel": {
    "height": 40,
    "borderRadius": 20,
    "textAlign": "TextAlign.Center",
    "fontColor": "white",
    "fontSize": 16,
    "backgroundColor": "#3965FF",
    "padding" : {
      "left": 50,
      "right": 50
    }
  },
  "confirm": {
    "height": 20,
    "fontColor": "#999999",
    "fontSize": 16
  }
}

