{"v":"5.6.9","fr":30.0000305175781,"ip":0,"op":14.0000142415365,"w":750,"h":1334,"nm":"基础挂件-扭一扭动效","ddd":1,"assets":[{"id":"image_0","w":215,"h":273,"u":"images/","p":"_CLICK_.png","e":0},{"id":"imgSeq_0","w":750,"h":1334,"t":"seq","u":"images/","p":"___-_10000-10014_.png","e":0},{"id":"imgSeq_1","w":750,"h":1334,"t":"seq","u":"images/","p":"___-_10000-10014__0.png","e":0},{"id":"imgSeq_2","w":750,"h":1334,"t":"seq","u":"images/","p":"___-_10000-10014__1.png","e":0},{"id":"imgSeq_3","w":750,"h":1334,"t":"seq","u":"images/","p":"___-_10000-10014__2.png","e":0},{"id":"imgSeq_4","w":750,"h":1334,"t":"seq","u":"images/","p":"___-_10000-10014__3.png","e":0},{"id":"imgSeq_5","w":750,"h":1334,"t":"seq","u":"images/","p":"___-_10000-10014__4.png","e":0},{"id":"imgSeq_6","w":750,"h":1334,"t":"seq","u":"images/","p":"___-_10000-10014__5.png","e":0},{"id":"imgSeq_7","w":750,"h":1334,"t":"seq","u":"images/","p":"___-_10000-10014__6.png","e":0},{"id":"imgSeq_8","w":750,"h":1334,"t":"seq","u":"images/","p":"___-_10000-10014__7.png","e":0},{"id":"imgSeq_9","w":750,"h":1334,"t":"seq","u":"images/","p":"___-_10000-10014__8.png","e":0},{"id":"imgSeq_10","w":750,"h":1334,"t":"seq","u":"images/","p":"___-_10000-10014__9.png","e":0},{"id":"imgSeq_11","w":750,"h":1334,"t":"seq","u":"images/","p":"___-_10000-10014__10.png","e":0},{"id":"imgSeq_12","w":750,"h":1334,"t":"seq","u":"images/","p":"___-_10000-10014__11.png","e":0},{"id":"imgSeq_13","w":750,"h":1334,"t":"seq","u":"images/","p":"___-_10000-10014__12.png","e":0},{"id":"imgSeq_14","w":750,"h":1334,"t":"seq","u":"images/","p":"___-_10000-10014__13.png","e":0},{"id":"comp_0","layers":[{"ddd":0,"ind":1,"ty":4,"nm":"_DOT_","sr":1,"ks":{"o":{"a":0,"k":100,"ix":11},"r":{"a":1,"k":[{"i":{"x":[0.667],"y":[1]},"o":{"x":[0.333],"y":[0]},"t":0,"s":[-242]},{"i":{"x":[0.667],"y":[1]},"o":{"x":[0.333],"y":[0]},"t":12.5,"s":[-124]},{"i":{"x":[0.667],"y":[1]},"o":{"x":[0.333],"y":[0]},"t":16.25,"s":[-242]},{"i":{"x":[0.667],"y":[1]},"o":{"x":[0.333],"y":[0]},"t":24.312,"s":[-124]},{"i":{"x":[0.667],"y":[1]},"o":{"x":[0.333],"y":[0]},"t":33.624,"s":[-242]},{"i":{"x":[0.667],"y":[1]},"o":{"x":[0.333],"y":[0]},"t":42.937,"s":[-124]},{"i":{"x":[0.667],"y":[1]},"o":{"x":[0.333],"y":[0]},"t":52.25,"s":[-242]},{"i":{"x":[0.667],"y":[1]},"o":{"x":[0.333],"y":[0]},"t":61.563,"s":[-124]},{"i":{"x":[0.667],"y":[1]},"o":{"x":[0.333],"y":[0]},"t":70.874,"s":[-242]},{"i":{"x":[0.667],"y":[1]},"o":{"x":[0.333],"y":[0]},"t":80.187,"s":[-124]},{"i":{"x":[0.667],"y":[1]},"o":{"x":[0.333],"y":[0]},"t":89.5,"s":[-242]},{"i":{"x":[0.667],"y":[1]},"o":{"x":[0.333],"y":[0]},"t":98.812,"s":[-124]},{"i":{"x":[0.667],"y":[1]},"o":{"x":[0.333],"y":[0]},"t":108.125,"s":[-242]},{"i":{"x":[0.667],"y":[1]},"o":{"x":[0.333],"y":[0]},"t":117.437,"s":[-124]},{"i":{"x":[0.667],"y":[1]},"o":{"x":[0.333],"y":[0]},"t":130.375,"s":[-242]},{"i":{"x":[0.667],"y":[1]},"o":{"x":[0.333],"y":[0]},"t":139.688,"s":[-124]},{"i":{"x":[0.833],"y":[1]},"o":{"x":[0.333],"y":[0]},"t":149,"s":[-242]},{"i":{"x":[0.667],"y":[1]},"o":{"x":[0.167],"y":[0.167]},"t":157.5,"s":[-242]},{"i":{"x":[0.667],"y":[1]},"o":{"x":[0.333],"y":[0]},"t":158.313,"s":[-124]},{"i":{"x":[0.667],"y":[1]},"o":{"x":[0.333],"y":[0]},"t":167.625,"s":[-242]},{"i":{"x":[0.667],"y":[1]},"o":{"x":[0.333],"y":[0]},"t":176.937,"s":[-242]},{"t":186.250189463298,"s":[-124]}],"ix":10},"p":{"a":0,"k":[127,150,0],"ix":2},"a":{"a":0,"k":[18.846,-144.157,0],"ix":1},"s":{"a":0,"k":[140,140,100],"ix":6}},"ao":0,"shapes":[{"ty":"gr","it":[{"d":1,"ty":"el","s":{"a":0,"k":[13,13],"ix":2},"p":{"a":0,"k":[0,0],"ix":3},"nm":"椭圆路径 1","mn":"ADBE Vector Shape - Ellipse","hd":false},{"ty":"fl","c":{"a":0,"k":[1,1,1,1],"ix":4},"o":{"a":0,"k":100,"ix":5},"r":1,"bm":0,"nm":"填充 1","mn":"ADBE Vector Graphic - Fill","hd":false},{"ty":"tr","p":{"a":0,"k":[-2.561,-128.823],"ix":2},"a":{"a":0,"k":[-24.061,83.677],"ix":1},"s":{"a":0,"k":[100,100],"ix":3},"r":{"a":0,"k":0,"ix":6},"o":{"a":0,"k":100,"ix":7},"sk":{"a":0,"k":0,"ix":4},"sa":{"a":0,"k":0,"ix":5},"nm":"变换"}],"nm":"椭圆 1","np":3,"cix":2,"bm":0,"ix":1,"mn":"ADBE Vector Group","hd":false}],"ip":0,"op":13.7500139872233,"st":0,"bm":0},{"ddd":0,"ind":2,"ty":4,"nm":"_LINE_","sr":1,"ks":{"o":{"a":0,"k":40,"ix":11},"r":{"a":0,"k":-180,"ix":10},"p":{"a":0,"k":[127,150,0],"ix":2},"a":{"a":0,"k":[-2,-123,0],"ix":1},"s":{"a":0,"k":[103.158,103.158,100],"ix":6}},"ao":0,"shapes":[{"ty":"gr","it":[{"ind":0,"ty":"sh","ix":1,"ks":{"a":0,"k":{"i":[[0,0],[-59.37,2.29],[-24.962,-26.173]],"o":[[0,0],[30.53,-1.178],[82.581,86.59]],"v":[[-84.883,-170.015],[-3.933,-214.641],[78.459,-177.286]],"c":false},"ix":2},"nm":"路径 1","mn":"ADBE Vector Shape - Group","hd":false},{"ty":"st","c":{"a":0,"k":[1,1,1,1],"ix":3},"o":{"a":0,"k":100,"ix":4},"w":{"a":0,"k":8,"ix":5},"lc":2,"lj":2,"bm":0,"nm":"描边 1","mn":"ADBE Vector Graphic - Stroke","hd":false},{"ty":"tr","p":{"a":0,"k":[0,0],"ix":2},"a":{"a":0,"k":[0,0],"ix":1},"s":{"a":0,"k":[100,100],"ix":3},"r":{"a":0,"k":0,"ix":6},"o":{"a":0,"k":100,"ix":7},"sk":{"a":0,"k":0,"ix":4},"sa":{"a":0,"k":0,"ix":5},"nm":"变换"}],"nm":"形状 1","np":3,"cix":2,"bm":0,"ix":1,"mn":"ADBE Vector Group","hd":false}],"ip":0,"op":13.7500139872233,"st":0,"bm":0},{"ddd":0,"ind":3,"ty":0,"nm":"未标题-[10000-10014].png","cl":"png","refId":"sequence_0","sr":1,"ks":{"o":{"a":0,"k":100,"ix":11},"r":{"a":0,"k":0,"ix":10},"p":{"a":0,"k":[130,135,0],"ix":2},"a":{"a":0,"k":[375,667,0],"ix":1},"s":{"a":0,"k":[30,20,100],"ix":6}},"ao":0,"w":750,"h":1334,"ip":0,"op":15.0000152587891,"st":0,"bm":0}]},{"id":"sequence_0","layers":[{"ty":2,"sc":"#00ffff","refId":"imgSeq_0","ks":{"p":{"a":0,"k":[0,0]},"a":{"a":0,"k":[0,0]},"s":{"a":0,"k":[100,100]},"r":{"a":0,"k":[0]},"o":{"a":0,"k":[100]}},"ip":0,"st":0,"op":1,"sr":1,"bm":0},{"ty":2,"sc":"#00ffff","refId":"imgSeq_1","ks":{"p":{"a":0,"k":[0,0]},"a":{"a":0,"k":[0,0]},"s":{"a":0,"k":[100,100]},"r":{"a":0,"k":[0]},"o":{"a":0,"k":[100]}},"ip":1,"st":1,"op":2,"sr":1,"bm":0},{"ty":2,"sc":"#00ffff","refId":"imgSeq_2","ks":{"p":{"a":0,"k":[0,0]},"a":{"a":0,"k":[0,0]},"s":{"a":0,"k":[100,100]},"r":{"a":0,"k":[0]},"o":{"a":0,"k":[100]}},"ip":2,"st":2,"op":3,"sr":1,"bm":0},{"ty":2,"sc":"#00ffff","refId":"imgSeq_3","ks":{"p":{"a":0,"k":[0,0]},"a":{"a":0,"k":[0,0]},"s":{"a":0,"k":[100,100]},"r":{"a":0,"k":[0]},"o":{"a":0,"k":[100]}},"ip":3,"st":3,"op":4,"sr":1,"bm":0},{"ty":2,"sc":"#00ffff","refId":"imgSeq_4","ks":{"p":{"a":0,"k":[0,0]},"a":{"a":0,"k":[0,0]},"s":{"a":0,"k":[100,100]},"r":{"a":0,"k":[0]},"o":{"a":0,"k":[100]}},"ip":4,"st":4,"op":5,"sr":1,"bm":0},{"ty":2,"sc":"#00ffff","refId":"imgSeq_5","ks":{"p":{"a":0,"k":[0,0]},"a":{"a":0,"k":[0,0]},"s":{"a":0,"k":[100,100]},"r":{"a":0,"k":[0]},"o":{"a":0,"k":[100]}},"ip":5,"st":5,"op":6,"sr":1,"bm":0},{"ty":2,"sc":"#00ffff","refId":"imgSeq_6","ks":{"p":{"a":0,"k":[0,0]},"a":{"a":0,"k":[0,0]},"s":{"a":0,"k":[100,100]},"r":{"a":0,"k":[0]},"o":{"a":0,"k":[100]}},"ip":6,"st":6,"op":7,"sr":1,"bm":0},{"ty":2,"sc":"#00ffff","refId":"imgSeq_7","ks":{"p":{"a":0,"k":[0,0]},"a":{"a":0,"k":[0,0]},"s":{"a":0,"k":[100,100]},"r":{"a":0,"k":[0]},"o":{"a":0,"k":[100]}},"ip":7,"st":7,"op":8,"sr":1,"bm":0},{"ty":2,"sc":"#00ffff","refId":"imgSeq_8","ks":{"p":{"a":0,"k":[0,0]},"a":{"a":0,"k":[0,0]},"s":{"a":0,"k":[100,100]},"r":{"a":0,"k":[0]},"o":{"a":0,"k":[100]}},"ip":8,"st":8,"op":9,"sr":1,"bm":0},{"ty":2,"sc":"#00ffff","refId":"imgSeq_9","ks":{"p":{"a":0,"k":[0,0]},"a":{"a":0,"k":[0,0]},"s":{"a":0,"k":[100,100]},"r":{"a":0,"k":[0]},"o":{"a":0,"k":[100]}},"ip":9,"st":9,"op":10,"sr":1,"bm":0},{"ty":2,"sc":"#00ffff","refId":"imgSeq_10","ks":{"p":{"a":0,"k":[0,0]},"a":{"a":0,"k":[0,0]},"s":{"a":0,"k":[100,100]},"r":{"a":0,"k":[0]},"o":{"a":0,"k":[100]}},"ip":10,"st":10,"op":11,"sr":1,"bm":0},{"ty":2,"sc":"#00ffff","refId":"imgSeq_11","ks":{"p":{"a":0,"k":[0,0]},"a":{"a":0,"k":[0,0]},"s":{"a":0,"k":[100,100]},"r":{"a":0,"k":[0]},"o":{"a":0,"k":[100]}},"ip":11,"st":11,"op":12,"sr":1,"bm":0},{"ty":2,"sc":"#00ffff","refId":"imgSeq_12","ks":{"p":{"a":0,"k":[0,0]},"a":{"a":0,"k":[0,0]},"s":{"a":0,"k":[100,100]},"r":{"a":0,"k":[0]},"o":{"a":0,"k":[100]}},"ip":12,"st":12,"op":13,"sr":1,"bm":0},{"ty":2,"sc":"#00ffff","refId":"imgSeq_13","ks":{"p":{"a":0,"k":[0,0]},"a":{"a":0,"k":[0,0]},"s":{"a":0,"k":[100,100]},"r":{"a":0,"k":[0]},"o":{"a":0,"k":[100]}},"ip":13,"st":13,"op":14,"sr":1,"bm":0},{"ty":2,"sc":"#00ffff","refId":"imgSeq_14","ks":{"p":{"a":0,"k":[0,0]},"a":{"a":0,"k":[0,0]},"s":{"a":0,"k":[100,100]},"r":{"a":0,"k":[0]},"o":{"a":0,"k":[100]}},"ip":14,"st":14,"op":16,"sr":1,"bm":0}]}],"fonts":{"list":[{"origin":0,"fPath":"","fClass":"","fFamily":"SimHei","fWeight":"","fStyle":"Regular","fName":"SimHei","ascent":89.5989987850189}]},"layers":[{"ddd":0,"ind":1,"ty":2,"nm":"_CLICK_","refId":"image_0","sr":1,"ks":{"o":{"a":0,"k":1,"ix":11},"r":{"a":0,"k":0,"ix":10},"p":{"a":0,"k":[375,1151.808,0],"ix":2},"a":{"a":0,"k":[107.5,136.5,0],"ix":1},"s":{"a":0,"k":[100,100,100],"ix":6}},"ao":0,"ip":0,"op":14.0000142415365,"st":-108.750110626221,"bm":0},{"ddd":0,"ind":2,"ty":0,"nm":"扭一扭动效-调速","refId":"comp_0","sr":1,"ks":{"o":{"a":0,"k":100,"ix":11},"r":{"a":0,"k":0,"ix":10},"p":{"a":0,"k":[375,1103,0],"ix":2},"a":{"a":0,"k":[130,135,0],"ix":1},"s":{"a":0,"k":[70,70,100],"ix":6}},"ao":0,"w":260,"h":270,"ip":0,"op":13.7500139872233,"st":0,"bm":0},{"ddd":0,"ind":3,"ty":5,"nm":"_TEXT_ACT_01_","sr":1,"ks":{"o":{"a":0,"k":100,"ix":11},"r":{"a":0,"k":0,"ix":10},"p":{"a":0,"k":[373.945,1237.339,0],"ix":2},"a":{"a":0,"k":[0,0,0],"ix":1},"s":{"a":0,"k":[100,100,100],"ix":6}},"ao":0,"t":{"d":{"k":[{"s":{"s":32,"f":"SimHei","t":"扭一扭","j":2,"tr":62,"lh":38.4,"ls":0,"fc":[1,1,1]},"t":0}]},"p":{},"m":{"g":1,"a":{"a":0,"k":[0,0],"ix":2}},"a":[]},"ip":0,"op":14.0000142415365,"st":0,"bm":0},{"ddd":0,"ind":4,"ty":5,"nm":"_TEXT_ACT_02_","sr":1,"ks":{"o":{"a":0,"k":100,"ix":11},"r":{"a":0,"k":0,"ix":10},"p":{"a":0,"k":[374.662,1273.339,0],"ix":2},"a":{"a":0,"k":[0,0,0],"ix":1},"s":{"a":0,"k":[100,100,100],"ix":6}},"ao":0,"t":{"d":{"k":[{"s":{"s":22,"f":"SimHei","t":"跳转至第三方","j":2,"tr":62,"lh":26.4,"ls":0,"fc":[1,1,1]},"t":0}]},"p":{},"m":{"g":1,"a":{"a":0,"k":[0,0],"ix":2}},"a":[]},"ip":0,"op":14.0000142415365,"st":0,"bm":0}],"markers":[]}