{
  "type": "RelativeContainer",
  "id": "root_id",
  "styleId": "root_id",
  "children": [
    {
      "type": "Vpaid",
      "id": "video_id",
      "styleId": "video_id"
    },
    {
      "type": "RelativeContainer",
      "id": "image_root_id",
      "styleId": "image_root_id",
      "children": [
        {
          "type": "Image",
          "id": "blur_image_id",
          "styleId": "blur_image_id"
        },
        {
          "type": "Image",
          "id": "image_id",
          "styleId": "image_id"
        }
      ]
    },
     {
      "type": "Image",
      "id": "card_icon_id",
      "styleId": "card_icon_id"
    },
    {
      "type": "Image",
      "id": "blur_image_bg_id",
      "styleId": "blur_image_bg_id"
    },
    {
      "type": "LottieView",
      "id": "lottie_card_id",
      "styleId": "lottie_card_id"
    }
  ]
}
