{
  "root_id": {
    "width": "100%",
    "height": "100%"
  },
  "guess_like": {
    "width": 30,
    "height": "100%",
    "intrinsic": false,
    "textAlign": "TextAlign.Center",
    "maxLines": 0,
    "fontColor": "#252525",
    "fontSize": "17rpx",
    "hitTestBehavior": "HitTestMode.Transparent",
    "alignRules": {
      "top": {
        "anchor": "__container__",
        "align": "VerticalAlign.Top"
      },
      "bottom": {
        "anchor": "__container__",
        "align": "VerticalAlign.Bottom"
      },
      "left": {
        "anchor": "__container__",
        "align": "HorizontalAlign.Start"
      }
    }
  },
  "v_line": {
    "width": 1,
    "backgroundColor": "rgba(0, 0, 0, 0.1)",
    "margin": {
      "top": 10,
      "bottom": 10
    },
    "alignRules": {
      "top": {
        "anchor": "__container__",
        "align": "VerticalAlign.Top"
      },
      "bottom": {
        "anchor": "__container__",
        "align": "VerticalAlign.Bottom"
      },
      "left": {
        "anchor": "guess_like",
        "align": "HorizontalAlign.End"
      }
    }
  },
  "grid": {
    "backgroundColor": "white",
    "direction": "FlexAlign.Row",
    "hSpacing": 0,
    "showsVerticalScrollIndicator": false,
    "showsHorizontalScrollIndicator": false,
    "sizeForItem": {
      "width": 70,
      "height": "100%"
    },
    "swiper": {
      "interval": 3000,
      "scrollPosition": "left",
      "animated": true
    },
    "margin": {
      "left": 10
    },
    "alignRules": {
      "top": {
        "anchor": "__container__",
        "align": "VerticalAlign.Top"
      },
      "bottom": {
        "anchor": "__container__",
        "align": "VerticalAlign.Bottom"
      },
      "left": {
        "anchor": "v_line",
        "align": "HorizontalAlign.End"
      },
      "right": {
        "anchor": "__container__",
        "align": "HorizontalAlign.End"
      }
    }
  },
  "grid_column": {
    "width": "100%",
    "height": "100%",
    "justifyContent": "FlexAlign.Center",
    "alignItems": "VerticalAlign.Center",
    "hitTestBehavior": "HitTestMode.Transparent",
    "spacing": 10
  },
  "cell_image": {
    "width": "90%",
    "aspectRatio": 1,
    "imageFit": "ImageFit.Cover",
    "borderRadius": 10,
    "hitTestBehavior": "HitTestMode.Transparent"
  },
  "cell_title": {
    "fontColor": "#252525",
    "fontSize": 14,
    "maxLines": 1,
    "textOverflow": "TextOverflow.Ellipsis",
    "hitTestBehavior": "HitTestMode.Transparent"
  }
}