{
  "type": "RelativeContainer",
  "id": "root_id",
  "styleId": "root_id",
  "children": [
    {
      "type": "Text",
      "id": "guess_like",
      "styleId": "guess_like"
    },
    {
      "type": "Container",
      "id": "v_line",
      "styleId": "v_line"
    },
    {
      "type": "Grid",
      "id": "grid",
      "styleId": "grid",
      "build": {
        "type": "Column",
        "id": "grid_column",
        "styleId": "grid_column",
        "children": [
          {
            "type": "Image",
            "id": "cell_image",
            "styleId": "cell_image"
          },
          {
            "type": "Text",
            "id": "cell_title",
            "styleId": "cell_title"
          }
        ]
      }
    }
  ]
}