{
  "type": "RelativeContainer",
  "id": "root_id",
  "styleId": "root_id",
  "children": [
    {
      "type": "Image",
      "id": "image_container",
      "styleId": "image_container"
    },
    {
      "type": "Image",
      "id": "image_id",
      "styleId": "image_id"
    },
    {
      "type": "Column",
      "id": "column_id",
      "styleId": "column_id",
      "children": [
        {
          "type": "Image",
          "id": "icon_id",
          "styleId": "icon_id"
        },
        {
          "type": "Text",
          "id": "title_id",
          "styleId": "title_id"
        },
        {
          "type": "StarRating",
          "id": "star_id",
          "styleId": "star_id"
        },
        {
          "type": "Text",
          "id": "desc_id",
          "styleId": "desc_id"
        },
        {
          "type": "Text",
          "id": "cta_id",
          "styleId": "cta_id"
        }
      ]
    },
    {
      "type": "Row",
      "id": "row_id",
      "styleId": "row_id",
      "children": [
        {
          "type": "Text",
          "id": "feed_back_id",
          "styleId": "feed_back_id"
        },
        {
          "type": "RelativeContainer",
          "id": "close_container",
          "styleId": "close_container",
          "children": [
            {
              "type": "Image",
              "id": "close_image_id",
              "styleId": "close_image_id"
            }
          ]
        }
      ]
    },
    {
      "type": "Row",
      "id": "logo_container",
      "styleId": "logo_container",
      "children": [
        {
          "type": "Image",
          "id": "logo_icon",
          "styleId": "logo_icon"
        },
        {
          "type": "Text",
          "id": "logo_text",
          "styleId": "logo_text"
        }
      ]
    },
    {
      "type": "RelativeContainer",
      "id": "lottie_container",
      "styleId": "lottie_container",
      "children": [
        {
          "type": "RelativeContainer",
          "id": "mask_container",
          "styleId": "mask_container"
        },
        {
          "type": "LottieView",
          "id": "lottie_id",
          "styleId": "lottie_id"
        },
        {
          "type": "Text",
          "id": "lottie_desc_id",
          "styleId": "lottie_desc_id"
        }
      ]
    },
    {
      "type": "Template",
      "id": "recommend_ad",
      "styleId": "recommend_ad"
    }
  ]
}