{
  "root_id": {
    "width": "100%",
    "height": "100%",
    "backgroundColor": "white"
  },
  "image_id": {
    "height": "35%",
    "autoresizingMask": "AutoresizingMask.Width",
    "imageFit": "ImageFit.Contain",
    "constraintSize": {
      "maxWidth": "100%"
    },
    "alignRules": {
      "top": {
        "anchor": "__container__",
        "align": "VerticalAlign.Top"
      },
      "middle": {
        "anchor": "__container__",
        "align": "HorizontalAlign.Center"
      }
    }
  },
  "image_container": {
    "width": "100%",
    "height": "35%",
    "blur": 10,
    "imageFit": "ImageFit.Cover",
    "alignRules": {
      "top": {
        "anchor": "__container__",
        "align": "VerticalAlign.Top"
      },
      "left": {
        "anchor": "__container__",
        "align": "HorizontalAlign.Start"
      }
    }
  },
  "column_id": {
    "backgroundColor": "white",
    "spacing": "20rpx",
    "justifyContent": "FlexAlign.Center",
    "alignItems": "HorizontalAlign.Center",
    "margin": {
      "bottom": 120
    },
    "alignRules": {
      "top": {
        "anchor": "image_id",
        "align": "VerticalAlign.Bottom"
      },
      "bottom": {
        "anchor": "__container__",
        "align": "VerticalAlign.Bottom"
      },
      "left": {
        "anchor": "__container__",
        "align": "HorizontalAlign.Start"
      },
      "right": {
        "anchor": "__container__",
        "align": "HorizontalAlign.End"
      }
    }
  },
  "icon_id": {
    "width": "88rpx",
    "height": "88rpx",
    "borderRadius": 10
  },
  "star_id": {
    "width": "132rpx",
    "height": "20rpx",
    "stars": 5,
    "starSize": "20rpx",
    "spacing": "8rpx",
    "backgroundColor": "white"
  },
  "title_id": {
    "extends": [
      "text_style"
    ],
    "fontSize": "14rpx",
    "fontColor": "black"
  },
  "desc_id": {
    "extends": [
      "text_style"
    ],
    "fontSize": "12rpx",
    "fontColor": "#999999"
  },
  "cta_id": {
    "width": "70%",
    "height": 45,
    "borderRadius": 5,
    "fontSize": 20,
    "fontColor": "white",
    "backgroundColor": "#FE5100",
    "textAlign": "TextAlign.Center"
  },
  "row_id": {
    "height": 30,
    "spacing": 10,
    "backgroundColor": "transparent",
    "alignItems": "VerticalAlign.Center",
    "justifyContent": "FlexAlign.Start",
    "margin": {
      "top": "safeArea().top",
      "right": 10
    },
    "alignRules": {
      "top": {
        "anchor": "__container__",
        "align": "VerticalAlign.Top"
      },
      "right": {
        "anchor": "__container__",
        "align": "HorizontalAlign.End"
      }
    }
  },
  "feed_back_id": {
    "height": 30,
    "borderRadius": 15,
    "fontColor": "#ffffff",
    "fontSize": 15,
    "padding": {
      "top": 5,
      "bottom": 5,
      "left": 10,
      "right": 10
    },
    "extends": [
      "background_border_style",
      "text_id"
    ]
  },
  "close_container": {
    "height": 30,
    "width": 30,
    "borderRadius": 15,
    "extends": [
      "background_style",
      "background_border_style"
    ]
  },
  "close_image_id": {
    "width": 15,
    "height": 15,
    "imageFit": "ImageFitMode.Contain",
    "hitTestBehavior": "HitTestMode.Transparent",
    "alignRules": {
      "middle": {
        "anchor": "__container__",
        "align": "HorizontalAlign.Center"
      },
      "center": {
        "anchor": "__container__",
        "align": "VerticalAlign.Center"
      }
    }
  },
  "logo_container": {
    "height": 10,
    "justifyContent": "FlexAlign.Start",
    "alignItems": "VerticalAlign.Center",
    "margin": {
      "left": "safeArea().bottom > 0 ? 20 : 0",
      "bottom": "safeArea().bottom || 15 - 10"
    },
    "alignRules": {
      "left": {
        "anchor": "__container__",
        "align": "HorizontalAlign.Start"
      },
      "bottom": {
        "anchor": "__container__",
        "align": "VerticalAlign.Bottom"
      }
    }
  },
  "logo_icon": {
    "width": 10,
    "height": 10,
    "imageFit": "ImageFitMode.Contain"
  },
  "logo_text": {
    "height": 10,
    "fontSize": 10,
    "fontColor": "gray"
  },
  "mask_container": {
    "width": 100,
    "height": 100,
    "borderRadius": 50,
    "hitTestBehavior": "HitTestMode.Transparent",
    "backgroundColor": "rgba(0, 0, 0, 0.6)",
    "alignRules": {
      "center": {
        "anchor": "__container__",
        "align": "VerticalAlign.Center"
      },
      "middle": {
        "anchor": "__container__",
        "align": "HorizontalAlign.Center"
      }
    }
  },
  "lottie_container": {
    "width": "100%",
    "height": "100%",
    "alignRules": {
      "center": {
        "anchor": "__container__",
        "align": "VerticalAlign.Center"
      },
      "middle": {
        "anchor": "__container__",
        "align": "HorizontalAlign.Center"
      }
    }
  },
  "lottie_id": {
    "width": "150rpx",
    "height": "150rpx",
    "hitTestBehavior": "HitTestMode.Transparent",
    "alignRules": {
      "center": {
        "anchor": "__container__",
        "align": "VerticalAlign.Center"
      },
      "middle": {
        "anchor": "__container__",
        "align": "HorizontalAlign.Center"
      }
    }
  },
  "lottie_desc_id": {
    "hitTestBehavior": "HitTestMode.Transparent",
    "fontSize": 25,
    "fontColor": "white",
    "alignRules": {
      "top": {
        "anchor": "lottie_id",
        "align": "VerticalAlign.Bottom"
      },
      "middle": {
        "anchor": "__container__",
        "align": "HorizontalAlign.Center"
      }
    }
  },
  "recommend_ad": {
    "width": "95%",
    "height": "100rpx",
    "backgroundColor": "white",
    "tid": "KXC900001",
    "visibility": "'Visibility.Visible'",
    "borderRadius": 10,
    "margin": {
      "bottom": 5
    },
    "alignRules": {
      "bottom": {
        "anchor": "logo_container",
        "align": "VerticalAlign.Top"
      },
      "middle": {
        "anchor": "__container__",
        "align": "HorizontalAlign.Center"
      }
    }
  },
  "extend": {
    "text_style": {
      "maxLines": 1,
      "fontStyle": "FontStyle.Regular",
      "textOverflow": "TextOverflow.Ellipsis",
      "constraintSize": {
        "maxWidth": 300
      }
    },
    "background_style": {
      "backgroundColor": "#00000066"
    },
    "background_border_style": {
      "backgroundColor": "#00000066",
      "borderWidth": 1,
      "borderColor": "#ffffff66"
    }
  }
}