{
  "data": {
    "image_container": {
      "value": {
        "src": "'${ads[0].materials[0].image_src}'"
      }
    },
    "image_id": {
      "value": {
        "src": "'${ads[0].materials[0].image_src}'"
      }
    },
    "icon_id": {
      "value": {
        "src": "'${ads[0].materials[0].icon_url}'"
      }
    },
    "title_id": {
      "value": "'标题名称占屏幕宽度80%，限制一行不够…'"
    },
    "star_id": {
      "value": {
        "rating": 3.5
      }
    },
    "desc_id": {
      "value": "'描述文字占屏幕宽度80%，仅限制一行，不够…'"
    },
    "cta_id": {
      "value": "'立即下载'"
    },
    "feed_back_id": {
      "value": "'反馈'"
    },
    "close_image_id": {
      "value": {
        "src": "'kitex://KXR00000000/icon_close.png'"
      }
    },
    "lottie_desc_id": {
      "value": "'点击查看详情'"
    },
    "logo_icon": {
      "value": {
        "src": "'${ads[0].ad_source_logo}'"
      }
    },
    "logo_text": {
      "value": "'广告'"
    }
  },
  "event": {
    "lottie_container": {
      "value": "javaScript",
      "script": "KXC11501.event.maskClick"
    },
    "feed_back_id": {
      "value": "javaScript",
      "script": "KXC11501.event.feedbackClick"
    },
    "close_container": {
      "value": "javaScript",
      "script": "KXC11501.event.closeAd"
    },
    "cta_id": {
      "value": "javaScript",
      "script": "KXC11501.event.onClick"
    }
  },
  "animation": {
    "mask_container": {
      "type": "prop",
      "trigger": true,
      "propAnimatorSet": {
        "ordering": "together",
        "animators": [
          {
            "propName": "scale",
            "duration": 1000,
            "delay": 0,
            "iterations": 1,
            "direction": "normal",
            "fill": "forwards",
            "interpolator": "linear",
            "begin": 1,
            "end": 15
          }
        ]
      }
    }
  }
}