{"v":"5.6.9","fr":30.0000305175781,"ip":0,"op":17.0000172932943,"w":750,"h":1334,"nm":"基础挂件-前倾手机动效","ddd":0,"assets":[{"id":"image_0","w":215,"h":273,"u":"images/","p":"_CLICK_.png","e":0},{"id":"imgSeq_0","w":260,"h":270,"t":"seq","u":"images/","p":"____00000-00017_.png","e":0},{"id":"imgSeq_1","w":260,"h":270,"t":"seq","u":"images/","p":"____00000-00017__0.png","e":0},{"id":"imgSeq_2","w":260,"h":270,"t":"seq","u":"images/","p":"____00000-00017__1.png","e":0},{"id":"imgSeq_3","w":260,"h":270,"t":"seq","u":"images/","p":"____00000-00017__2.png","e":0},{"id":"imgSeq_4","w":260,"h":270,"t":"seq","u":"images/","p":"____00000-00017__3.png","e":0},{"id":"imgSeq_5","w":260,"h":270,"t":"seq","u":"images/","p":"____00000-00017__4.png","e":0},{"id":"imgSeq_6","w":260,"h":270,"t":"seq","u":"images/","p":"____00000-00017__5.png","e":0},{"id":"imgSeq_7","w":260,"h":270,"t":"seq","u":"images/","p":"____00000-00017__6.png","e":0},{"id":"imgSeq_8","w":260,"h":270,"t":"seq","u":"images/","p":"____00000-00017__7.png","e":0},{"id":"imgSeq_9","w":260,"h":270,"t":"seq","u":"images/","p":"____00000-00017__8.png","e":0},{"id":"imgSeq_10","w":260,"h":270,"t":"seq","u":"images/","p":"____00000-00017__9.png","e":0},{"id":"imgSeq_11","w":260,"h":270,"t":"seq","u":"images/","p":"____00000-00017__10.png","e":0},{"id":"imgSeq_12","w":260,"h":270,"t":"seq","u":"images/","p":"____00000-00017__11.png","e":0},{"id":"imgSeq_13","w":260,"h":270,"t":"seq","u":"images/","p":"____00000-00017__12.png","e":0},{"id":"imgSeq_14","w":260,"h":270,"t":"seq","u":"images/","p":"____00000-00017__13.png","e":0},{"id":"imgSeq_15","w":260,"h":270,"t":"seq","u":"images/","p":"____00000-00017__14.png","e":0},{"id":"imgSeq_16","w":260,"h":270,"t":"seq","u":"images/","p":"____00000-00017__15.png","e":0},{"id":"imgSeq_17","w":260,"h":270,"t":"seq","u":"images/","p":"____00000-00017__16.png","e":0},{"id":"sequence_0","layers":[{"ty":2,"sc":"#00ffff","refId":"imgSeq_0","ks":{"p":{"a":0,"k":[0,0]},"a":{"a":0,"k":[0,0]},"s":{"a":0,"k":[100,100]},"r":{"a":0,"k":[0]},"o":{"a":0,"k":[100]}},"ip":0,"st":0,"op":1,"sr":1,"bm":0},{"ty":2,"sc":"#00ffff","refId":"imgSeq_1","ks":{"p":{"a":0,"k":[0,0]},"a":{"a":0,"k":[0,0]},"s":{"a":0,"k":[100,100]},"r":{"a":0,"k":[0]},"o":{"a":0,"k":[100]}},"ip":1,"st":1,"op":2,"sr":1,"bm":0},{"ty":2,"sc":"#00ffff","refId":"imgSeq_2","ks":{"p":{"a":0,"k":[0,0]},"a":{"a":0,"k":[0,0]},"s":{"a":0,"k":[100,100]},"r":{"a":0,"k":[0]},"o":{"a":0,"k":[100]}},"ip":2,"st":2,"op":3,"sr":1,"bm":0},{"ty":2,"sc":"#00ffff","refId":"imgSeq_3","ks":{"p":{"a":0,"k":[0,0]},"a":{"a":0,"k":[0,0]},"s":{"a":0,"k":[100,100]},"r":{"a":0,"k":[0]},"o":{"a":0,"k":[100]}},"ip":3,"st":3,"op":4,"sr":1,"bm":0},{"ty":2,"sc":"#00ffff","refId":"imgSeq_4","ks":{"p":{"a":0,"k":[0,0]},"a":{"a":0,"k":[0,0]},"s":{"a":0,"k":[100,100]},"r":{"a":0,"k":[0]},"o":{"a":0,"k":[100]}},"ip":4,"st":4,"op":5,"sr":1,"bm":0},{"ty":2,"sc":"#00ffff","refId":"imgSeq_5","ks":{"p":{"a":0,"k":[0,0]},"a":{"a":0,"k":[0,0]},"s":{"a":0,"k":[100,100]},"r":{"a":0,"k":[0]},"o":{"a":0,"k":[100]}},"ip":5,"st":5,"op":6,"sr":1,"bm":0},{"ty":2,"sc":"#00ffff","refId":"imgSeq_6","ks":{"p":{"a":0,"k":[0,0]},"a":{"a":0,"k":[0,0]},"s":{"a":0,"k":[100,100]},"r":{"a":0,"k":[0]},"o":{"a":0,"k":[100]}},"ip":6,"st":6,"op":7,"sr":1,"bm":0},{"ty":2,"sc":"#00ffff","refId":"imgSeq_7","ks":{"p":{"a":0,"k":[0,0]},"a":{"a":0,"k":[0,0]},"s":{"a":0,"k":[100,100]},"r":{"a":0,"k":[0]},"o":{"a":0,"k":[100]}},"ip":7,"st":7,"op":8,"sr":1,"bm":0},{"ty":2,"sc":"#00ffff","refId":"imgSeq_8","ks":{"p":{"a":0,"k":[0,0]},"a":{"a":0,"k":[0,0]},"s":{"a":0,"k":[100,100]},"r":{"a":0,"k":[0]},"o":{"a":0,"k":[100]}},"ip":8,"st":8,"op":9,"sr":1,"bm":0},{"ty":2,"sc":"#00ffff","refId":"imgSeq_9","ks":{"p":{"a":0,"k":[0,0]},"a":{"a":0,"k":[0,0]},"s":{"a":0,"k":[100,100]},"r":{"a":0,"k":[0]},"o":{"a":0,"k":[100]}},"ip":9,"st":9,"op":10,"sr":1,"bm":0},{"ty":2,"sc":"#00ffff","refId":"imgSeq_10","ks":{"p":{"a":0,"k":[0,0]},"a":{"a":0,"k":[0,0]},"s":{"a":0,"k":[100,100]},"r":{"a":0,"k":[0]},"o":{"a":0,"k":[100]}},"ip":10,"st":10,"op":11,"sr":1,"bm":0},{"ty":2,"sc":"#00ffff","refId":"imgSeq_11","ks":{"p":{"a":0,"k":[0,0]},"a":{"a":0,"k":[0,0]},"s":{"a":0,"k":[100,100]},"r":{"a":0,"k":[0]},"o":{"a":0,"k":[100]}},"ip":11,"st":11,"op":12,"sr":1,"bm":0},{"ty":2,"sc":"#00ffff","refId":"imgSeq_12","ks":{"p":{"a":0,"k":[0,0]},"a":{"a":0,"k":[0,0]},"s":{"a":0,"k":[100,100]},"r":{"a":0,"k":[0]},"o":{"a":0,"k":[100]}},"ip":12,"st":12,"op":13,"sr":1,"bm":0},{"ty":2,"sc":"#00ffff","refId":"imgSeq_13","ks":{"p":{"a":0,"k":[0,0]},"a":{"a":0,"k":[0,0]},"s":{"a":0,"k":[100,100]},"r":{"a":0,"k":[0]},"o":{"a":0,"k":[100]}},"ip":13,"st":13,"op":14,"sr":1,"bm":0},{"ty":2,"sc":"#00ffff","refId":"imgSeq_14","ks":{"p":{"a":0,"k":[0,0]},"a":{"a":0,"k":[0,0]},"s":{"a":0,"k":[100,100]},"r":{"a":0,"k":[0]},"o":{"a":0,"k":[100]}},"ip":14,"st":14,"op":15,"sr":1,"bm":0},{"ty":2,"sc":"#00ffff","refId":"imgSeq_15","ks":{"p":{"a":0,"k":[0,0]},"a":{"a":0,"k":[0,0]},"s":{"a":0,"k":[100,100]},"r":{"a":0,"k":[0]},"o":{"a":0,"k":[100]}},"ip":15,"st":15,"op":16,"sr":1,"bm":0},{"ty":2,"sc":"#00ffff","refId":"imgSeq_16","ks":{"p":{"a":0,"k":[0,0]},"a":{"a":0,"k":[0,0]},"s":{"a":0,"k":[100,100]},"r":{"a":0,"k":[0]},"o":{"a":0,"k":[100]}},"ip":16,"st":16,"op":17,"sr":1,"bm":0},{"ty":2,"sc":"#00ffff","refId":"imgSeq_17","ks":{"p":{"a":0,"k":[0,0]},"a":{"a":0,"k":[0,0]},"s":{"a":0,"k":[100,100]},"r":{"a":0,"k":[0]},"o":{"a":0,"k":[100]}},"ip":17,"st":17,"op":19,"sr":1,"bm":0}]}],"fonts":{"list":[{"origin":0,"fPath":"","fClass":"","fFamily":"SimHei","fWeight":"","fStyle":"Regular","fName":"SimHei","ascent":89.5989987850189}]},"layers":[{"ddd":0,"ind":1,"ty":2,"nm":"_CLICK_","refId":"image_0","sr":1,"ks":{"o":{"a":0,"k":1,"ix":11},"r":{"a":0,"k":0,"ix":10},"p":{"a":0,"k":[375,1145.808,0],"ix":2},"a":{"a":0,"k":[107.5,136.5,0],"ix":1},"s":{"a":0,"k":[100,100,100],"ix":6}},"ao":0,"ip":0,"op":17.0000172932943,"st":-108.750110626221,"bm":0},{"ddd":0,"ind":2,"ty":0,"nm":"前倾_[00000-00017].png","cl":"png","refId":"sequence_0","sr":1,"ks":{"o":{"a":0,"k":100,"ix":11},"r":{"a":0,"k":0,"ix":10},"p":{"a":0,"k":[375,1097,0],"ix":2},"a":{"a":0,"k":[130,135,0],"ix":1},"s":{"a":0,"k":[78,78,100],"ix":6}},"ao":0,"w":260,"h":270,"ip":0,"op":18.0000183105469,"st":0,"bm":0},{"ddd":0,"ind":4,"ty":5,"nm":"_TEXT_ACT_01_","sr":1,"ks":{"o":{"a":0,"k":100,"ix":11},"r":{"a":0,"k":0,"ix":10},"p":{"a":0,"k":[373.945,1237.222,0],"ix":2},"a":{"a":0,"k":[0,0,0],"ix":1},"s":{"a":0,"k":[100,100,100],"ix":6}},"ao":0,"t":{"d":{"k":[{"s":{"s":32,"f":"SimHei","t":"前倾手机","j":2,"tr":62,"lh":38.4,"ls":0,"fc":[1,1,1]},"t":0}]},"p":{},"m":{"g":1,"a":{"a":0,"k":[0,0],"ix":2}},"a":[]},"ip":0,"op":17.0000172932943,"st":0,"bm":0},{"ddd":0,"ind":5,"ty":5,"nm":"_TEXT_ACT_02_","sr":1,"ks":{"o":{"a":0,"k":100,"ix":11},"r":{"a":0,"k":0,"ix":10},"p":{"a":0,"k":[374.662,1273.222,0],"ix":2},"a":{"a":0,"k":[0,0,0],"ix":1},"s":{"a":0,"k":[100,100,100],"ix":6}},"ao":0,"t":{"d":{"k":[{"s":{"s":22,"f":"SimHei","t":"跳转至第三方","j":2,"tr":62,"lh":26.4,"ls":0,"fc":[1,1,1]},"t":0}]},"p":{},"m":{"g":1,"a":{"a":0,"k":[0,0],"ix":2}},"a":[]},"ip":0,"op":17.0000172932943,"st":0,"bm":0}],"markers":[{"tm":0,"cm":"loopStart","dr":0},{"tm":17.0000172932943,"cm":"loopEnd","dr":0}]}